spec,error,class,className,method
PBEParameterSpec,UnsafeAlgorithm,br.unb.cic.mop.bench02.staticsalts.StaticSaltsABMC1,StaticSaltsABMC1,key2
SecureRandomSpec,UnsatisfiedConstraint,setSeed() expects a randomized byte array.br.unb.cic.mop.bench02.predictableseeds.PredictableSeedsABHCase2.main(PredictableSeedsABHCase2.java:19),java:19),setSeed() expects a randomized byte array.br.unb.cic.mop.bench02.predictableseeds.PredictableSeedsABHCase2.main(PredictableSeedsABHCase2.java:19)
MessageDigestSpec,InvalidSequenceOfMethodCalls,br.unb.cic.mop.bench02.brokenhash.BrokenHashABICase8,BrokenHashABICase8,go
SecretKeySpec,InvalidSequenceOfMethodCalls,br.unb.cic.mop.bench02.credentialinstring.CredentialInStringABHCase1,CredentialInStringABHCase1,main
KeyPairGeneratorSpec,InvalidKeySize,br.unb.cic.mop.bench02.insecureasymmetriccrypto.InsecureAsymmetricCipherABICase1,InsecureAsymmetricCipherABICase1,go
MessageDigestSpec,InvalidSequenceOfMethodCalls,br.unb.cic.mop.bench02.brokenhash.BrokenHashABICase10,BrokenHashABICase10,method1
PBEKeySpec,InvalidSequenceOfMethodCalls,br.unb.cic.mop.bench02.predictablepbepassword.CryptoPredictablePBE,CryptoPredictablePBE,method1
KeyGeneratorSpec,InvalidSequenceOfMethodCalls,br.unb.cic.mop.bench02.brokencrypto.Crypto5,Crypto5,encrypt
SecretKeySpec,InvalidSequenceOfMethodCalls,br.unb.cic.mop.bench02.predictablecryptographickey.PredictableCryptographicKeyABICase3,PredictableCryptographicKeyABICase3,method2
KeyPairSpec,InvalidSequenceOfMethodCalls,br.unb.cic.mop.bench02.insecureasymmetriccrypto.InsecureAsymmetricCipherBBCase1,InsecureAsymmetricCipherBBCase1,go
MessageDigestSpec,UnsafeAlgorithm,br.unb.cic.mop.bench02.brokenhash.CryptoHash2,CryptoHash2,encrypt
PBEParameterSpec,InvalidSequenceOfMethodCalls,br.unb.cic.mop.bench02.untrustedprng.UntrustedPRNGCase1,UntrustedPRNGCase1,main
KeyGeneratorSpec,InvalidSequenceOfMethodCalls,br.unb.cic.mop.bench02.brokencrypto.BrokenCryptoABICase7,BrokenCryptoABICase7,go
KeyGeneratorSpec,UnsafeAlgorithm,br.unb.cic.mop.bench02.brokencrypto.BrokenCryptoABMC4,BrokenCryptoABMC4,go
CipherSpec,UnsafeAlgorithm,br.unb.cic.mop.bench02.ecbcrypto.EcbInSymmCryptoABICase2,EcbInSymmCryptoABICase2,go
MacSpec,InvalidSequenceOfMethodCalls,br.unb.cic.mop.bench02.brokenmac.BrokenMacBBCase1,BrokenMacBBCase1,main
SecretKeySpec,InvalidSequenceOfMethodCalls,br.unb.cic.mop.bench02.predictablecryptographickey.PredictableCryptographicKeyBBCase1,PredictableCryptographicKeyBBCase1,main
MessageDigestSpec,InvalidSequenceOfMethodCalls,br.unb.cic.mop.bench02.brokenhash.BrokenHashABMC3,BrokenHashABMC3,go
CipherSpec,UnsafeAlgorithm,br.unb.cic.mop.bench02.ecbcrypto.EcbInSymmCryptoBBCase1,EcbInSymmCryptoBBCase1,go
SecretKeySpec,InvalidSequenceOfMethodCalls,br.unb.cic.mop.bench02.predictablecryptographickey.PredictableCryptographicKeyABMC1,PredictableCryptographicKeyABMC1,go
PBEParameterSpec,UnsafeAlgorithm,br.unb.cic.mop.bench02.staticsalts.StaticSaltsABICase3,StaticSaltsABICase3,method2
IvParameterSpecSpec,InvalidSequenceOfMethodCalls,br.unb.cic.mop.bench02.staticinitializationvector.StaticInitializationVectorABICase2,StaticInitializationVectorABICase2,go
KeyPairGeneratorSpec,InvalidKeySize,br.unb.cic.mop.bench02.insecureasymmetriccrypto.InsecureAsymmetricCipherABICase3,InsecureAsymmetricCipherABICase3,method1
KeyGeneratorSpec,UnsafeAlgorithm,br.unb.cic.mop.bench02.brokencrypto.BrokenCryptoBBCase1,BrokenCryptoBBCase1,go
SecretKeySpec,UnsatisfiedConstraint,br.unb.cic.mop.bench02.predictablecryptographickey.PredictableCryptographicKeyABICase2,PredictableCryptographicKeyABICase2,go
PBEParameterSpec,UnsafeAlgorithm,br.unb.cic.mop.bench02.pbeiteration.LessThan1000IterationPBEABHCase1,LessThan1000IterationPBEABHCase1,key2
PBEKeySpec,UnsatisfiedConstraint,first argument should have been randomized br.unb.cic.mop.bench02.predictablepbepassword.PredictablePBEPasswordBBCase2.key(PredictablePBEPasswordBBCase2.java:22),java:22),first argument should have been randomized br.unb.cic.mop.bench02.predictablepbepassword.PredictablePBEPasswordBBCase2.key(PredictablePBEPasswordBBCase2.java:22)
SecretKeySpec,InvalidSequenceOfMethodCalls,br.unb.cic.mop.bench02.credentialinstring.CredentialInStringABICase2,CredentialInStringABICase2,go
KeyGeneratorSpec,InvalidSequenceOfMethodCalls,br.unb.cic.mop.bench02.brokencrypto.Crypto6,Crypto6,encrypt
MessageDigestSpec,InvalidSequenceOfMethodCalls,br.unb.cic.mop.bench02.brokenhash.BrokenHashABICase11,BrokenHashABICase11,method1
SecureRandomSpec,InvalidSequenceOfMethodCalls,br.unb.cic.mop.bench02.predictableseeds.CryptoPredictableSeed2,CryptoPredictableSeed2,method1
CipherSpec,UnsafeAlgorithm,br.unb.cic.mop.bench02.ecbcrypto.EcbInSymmCryptoABICase3,EcbInSymmCryptoABICase3,method1
MessageDigestSpec,UnsafeAlgorithm,br.unb.cic.mop.bench02.brokenhash.CryptoHash1,CryptoHash1,encrypt
PBEKeySpec,InvalidSequenceOfMethodCalls,br.unb.cic.mop.bench02.predictablepbepassword.PredictablePBEPasswordABICase2,PredictablePBEPasswordABICase2,go
KeyGeneratorSpec,UnsafeAlgorithm,br.unb.cic.mop.bench02.brokencrypto.BrokenCryptoABMC3,BrokenCryptoABMC3,go
KeyGeneratorSpec,InvalidSequenceOfMethodCalls,br.unb.cic.mop.bench02.brokencrypto.BrokenCryptoABICase6,BrokenCryptoABICase6,go
KeyGeneratorSpec,UnsafeAlgorithm,br.unb.cic.mop.bench02.brokencrypto.BrokenCryptoBBCase2,BrokenCryptoBBCase2,go
PBEKeySpec,UnsatisfiedConstraint,first argument should have been randomized br.unb.cic.mop.bench02.predictablepbepassword.CryptoPredictablePBE.method1(PredictablePBEPasswordABSCase1.java:38),java:38),first argument should have been randomized br.unb.cic.mop.bench02.predictablepbepassword.CryptoPredictablePBE.method1(PredictablePBEPasswordABSCase1.java:38)
MessageDigestSpec,InvalidSequenceOfMethodCalls,br.unb.cic.mop.bench02.brokenhash.BrokenHashABMC4,BrokenHashABMC4,go
MacSpec,InvalidSequenceOfMethodCalls,br.unb.cic.mop.bench02.brokenmac.BrokenMacBBCase2,BrokenMacBBCase2,main
PBEKeySpec,InvalidSequenceOfMethodCalls,br.unb.cic.mop.bench02.predictablepbepassword.PredictablePBEPasswordABICase1,PredictablePBEPasswordABICase1,go
IvParameterSpecSpec,InvalidSequenceOfMethodCalls,br.unb.cic.mop.bench02.staticinitializationvector.StaticInitializationVectorABMC1,StaticInitializationVectorABMC1,go
SecretKeySpec,InvalidSequenceOfMethodCalls,br.unb.cic.mop.bench02.credentialinstring.CredentialInStringABICase1,CredentialInStringABICase1,go
MessageDigestSpec,InvalidSequenceOfMethodCalls,br.unb.cic.mop.bench02.brokenhash.BrokenHashABICase6,BrokenHashABICase6,go
PBEKeySpec,InvalidSequenceOfMethodCalls,br.unb.cic.mop.bench02.predictablepbepassword.PredictablePBEPasswordBBCase1,PredictablePBEPasswordBBCase1,key
IvParameterSpecSpec,UnsatisfiedConstraint,the byte[] initialization vector must be randomizedbr.unb.cic.mop.bench02.staticinitializationvector.StaticInitializationVectorABMC1.go(StaticInitializationVectorABMC1.java:14),java:14),the byte[] initialization vector must be randomizedbr.unb.cic.mop.bench02.staticinitializationvector.StaticInitializationVectorABMC1.go(StaticInitializationVectorABMC1.java:14)
KeyGeneratorSpec,InvalidSequenceOfMethodCalls,br.unb.cic.mop.bench02.brokencrypto.BrokenCryptoABMC1,BrokenCryptoABMC1,go
MessageDigestSpec,InvalidSequenceOfMethodCalls,br.unb.cic.mop.bench02.brokenhash.BrokenHashABICase12,BrokenHashABICase12,method1
PBEKeySpec,InvalidSequenceOfMethodCalls,br.unb.cic.mop.bench02.predictablepbepassword.PredictablePBEPasswordABMC1,PredictablePBEPasswordABMC1,key
PBEParameterSpec,UnsafeAlgorithm,br.unb.cic.mop.bench02.pbeiteration.LessThan1000IterationPBEBBCase1,LessThan1000IterationPBEBBCase1,key2
MessageDigestSpec,InvalidSequenceOfMethodCalls,br.unb.cic.mop.bench02.brokenhash.BrokenHashABMC1,BrokenHashABMC1,go
KeyGeneratorSpec,InvalidSequenceOfMethodCalls,br.unb.cic.mop.bench02.brokencrypto.BrokenCryptoABICase9,BrokenCryptoABICase9,go
KeyGeneratorSpec,UnsafeAlgorithm,br.unb.cic.mop.bench02.brokencrypto.BrokenCryptoBBCase3,BrokenCryptoBBCase3,go
PBEParameterSpec,UnsafeAlgorithm,br.unb.cic.mop.bench02.pbeiteration.LessThan1000IterationPBEABICase1,LessThan1000IterationPBEABICase1,go
KeyPairGeneratorSpec,InvalidSequenceOfMethodCalls,br.unb.cic.mop.bench02.insecureasymmetriccrypto.InsecureAsymmetricCipherABICase2,InsecureAsymmetricCipherABICase2,main
PBEParameterSpec,UnsafeAlgorithm,br.unb.cic.mop.bench02.pbeiteration.LessThan1000IterationPBEABICase2,LessThan1000IterationPBEABICase2,key2
PBEParameterSpec,InvalidSequenceOfMethodCalls,br.unb.cic.mop.bench02.pbeiteration.LessThan1000IterationPBEABICase3,LessThan1000IterationPBEABICase3,method1
SecureRandomSpec,InvalidSequenceOfMethodCalls,br.unb.cic.mop.bench02.predictableseeds.PredictableSeedsABICase5,PredictableSeedsABICase5,method2
MessageDigestSpec,InvalidSequenceOfMethodCalls,br.unb.cic.mop.bench02.brokenhash.BrokenHashABICase7,BrokenHashABICase7,go
CipherSpec,InvalidSequenceOfMethodCalls,br.unb.cic.mop.bench02.ecbcrypto.CryptoECB1,CryptoECB1,method1
PBEKeySpec,InvalidSequenceOfMethodCalls,br.unb.cic.mop.bench02.predictablepbepassword.PredictablePBEPasswordBBCase2,PredictablePBEPasswordBBCase2,key
SecureRandomSpec,InvalidSequenceOfMethodCalls,br.unb.cic.mop.bench02.predictableseeds.PredictableSeedsABICase1,PredictableSeedsABICase1,go
KeyGeneratorSpec,InvalidSequenceOfMethodCalls,br.unb.cic.mop.bench02.brokencrypto.BrokenCryptoABMC2,BrokenCryptoABMC2,go
CipherSpec,InvalidSequenceOfMethodCalls,br.unb.cic.mop.bench02.ecbcrypto.EcbInSymmCryptoABICase3,EcbInSymmCryptoABICase3,method1
KeyGeneratorSpec,UnsafeAlgorithm,br.unb.cic.mop.bench02.brokencrypto.BrokenCryptoBBCase4,BrokenCryptoBBCase4,go
PBEParameterSpec,InvalidSequenceOfMethodCalls,br.unb.cic.mop.bench02.staticsalts.CryptoStaticSalt1,CryptoStaticSalt1,method1
KeyGeneratorSpec,InvalidSequenceOfMethodCalls,br.unb.cic.mop.bench02.brokencrypto.BrokenCryptoABICase8,BrokenCryptoABICase8,go
CipherSpec,UnsafeAlgorithm,br.unb.cic.mop.bench02.ecbcrypto.EcbInSymmCryptoABICase1,EcbInSymmCryptoABICase1,go
KeyGeneratorSpec,UnsafeAlgorithm,br.unb.cic.mop.bench02.brokencrypto.BrokenCryptoABMC5,BrokenCryptoABMC5,go
MessageDigestSpec,InvalidSequenceOfMethodCalls,br.unb.cic.mop.bench02.brokenhash.BrokenHashABMC2,BrokenHashABMC2,go
SecretKeySpec,UnsatisfiedConstraint,br.unb.cic.mop.bench02.credentialinstring.CredentialInStringABMC1,CredentialInStringABMC1,go
KeyPairGeneratorSpec,InvalidSequenceOfMethodCalls,br.unb.cic.mop.bench02.insecureasymmetriccrypto.InsecureAsymmetricCipherBBCase1,InsecureAsymmetricCipherBBCase1,go
CipherSpec,InvalidSequenceOfMethodCalls,br.unb.cic.mop.bench02.ecbcrypto.EcbInSymmCryptoABMC1,EcbInSymmCryptoABMC1,go
SecureRandomSpec,InvalidSequenceOfMethodCalls,br.unb.cic.mop.bench02.predictableseeds.PredictableSeedsABICase6,PredictableSeedsABICase6,method2
SecretKeySpec,UnsatisfiedConstraint,br.unb.cic.mop.bench02.credentialinstring.CredentialInStringABHCase1,CredentialInStringABHCase1,main
KeyGeneratorSpec,UnsafeAlgorithm,br.unb.cic.mop.bench02.brokencrypto.BrokenCryptoABICase1,BrokenCryptoABICase1,go
MessageDigestSpec,UnsafeAlgorithm,br.unb.cic.mop.bench02.brokenhash.BrokenHashABICase11,BrokenHashABICase11,method1
SecureRandomSpec,InvalidSequenceOfMethodCalls,br.unb.cic.mop.bench02.predictableseeds.PredictableSeedsABICase2,PredictableSeedsABICase2,go
MessageDigestSpec,InvalidSequenceOfMethodCalls,br.unb.cic.mop.bench02.brokenhash.BrokenHashABICase4,BrokenHashABICase4,go
KeyGeneratorSpec,InvalidSequenceOfMethodCalls,br.unb.cic.mop.bench02.brokencrypto.BrokenCryptoABMC3,BrokenCryptoABMC3,go
MessageDigestSpec,InvalidSequenceOfMethodCalls,br.unb.cic.mop.bench02.brokenhash.CryptoHash2,CryptoHash2,encrypt
PBEParameterSpec,UnsafeAlgorithm,br.unb.cic.mop.bench02.staticsalts.StaticSaltsABHCase1,StaticSaltsABHCase1,key2
MessageDigestSpec,UnsafeAlgorithm,br.unb.cic.mop.bench02.brokenhash.BrokenHashABICase1,BrokenHashABICase1,go
KeyGeneratorSpec,InvalidSequenceOfMethodCalls,br.unb.cic.mop.bench02.brokencrypto.BrokenCryptoABICase3,BrokenCryptoABICase3,go
MessageDigestSpec,UnsafeAlgorithm,br.unb.cic.mop.bench02.brokenhash.BrokenHashABICase10,BrokenHashABICase10,method1
IvParameterSpecSpec,InvalidSequenceOfMethodCalls,br.unb.cic.mop.bench02.staticinitializationvector.StaticInitializationVectorBBCase1,StaticInitializationVectorBBCase1,go
MessageDigestSpec,InvalidSequenceOfMethodCalls,br.unb.cic.mop.bench02.brokenhash.BrokenHashABICase5,BrokenHashABICase5,go
SecureRandomSpec,InvalidSequenceOfMethodCalls,br.unb.cic.mop.bench02.predictableseeds.PredictableSeedsABICase3,PredictableSeedsABICase3,go
CipherSpec,InvalidSequenceOfMethodCalls,br.unb.cic.mop.bench02.ecbcrypto.EcbInSymmCryptoABICase1,EcbInSymmCryptoABICase1,go
KeyGeneratorSpec,InvalidSequenceOfMethodCalls,br.unb.cic.mop.bench02.brokencrypto.BrokenCryptoABMC5,BrokenCryptoABMC5,go
SecretKeySpec,InvalidSequenceOfMethodCalls,br.unb.cic.mop.bench02.credentialinstring.CredentialInStringABICase3,CredentialInStringABICase3,method2
PBEParameterSpec,InvalidSequenceOfMethodCalls,br.unb.cic.mop.bench02.staticsalts.StaticSaltsABICase1,StaticSaltsABICase1,key2
KeyGeneratorSpec,InvalidSequenceOfMethodCalls,br.unb.cic.mop.bench02.brokencrypto.BrokenCryptoABMC4,BrokenCryptoABMC4,go
KeyPairSpec,InvalidSequenceOfMethodCalls,br.unb.cic.mop.bench02.insecureasymmetriccrypto.InsecureAsymmetricCipherABPSCase1,InsecureAsymmetricCipherABPSCase1,go
SecureRandomSpec,InvalidSequenceOfMethodCalls,br.unb.cic.mop.bench02.predictableseeds.PredictableSeedsABICase4,PredictableSeedsABICase4,go
PBEParameterSpec,UnsafeAlgorithm,br.unb.cic.mop.bench02.pbeiteration.LessThan1000IterationPBEABMC1,LessThan1000IterationPBEABMC1,go
MessageDigestSpec,InvalidSequenceOfMethodCalls,br.unb.cic.mop.bench02.brokenhash.CryptoHash3,CryptoHash3,encrypt
SecureRandomSpec,InvalidSequenceOfMethodCalls,br.unb.cic.mop.bench02.predictablepbepassword.PredictablePBEPasswordCorrected,PredictablePBEPasswordCorrected,key
SecureRandomSpec,UnsatisfiedConstraint,setSeed() expects a randomized byte array.br.unb.cic.mop.bench02.predictableseeds.PredictableSeedsABICase5.method2(PredictableSeedsABICase5.java:17),java:17),setSeed() expects a randomized byte array.br.unb.cic.mop.bench02.predictableseeds.PredictableSeedsABICase5.method2(PredictableSeedsABICase5.java:17)
SecretKeySpec,UnsatisfiedConstraint,br.unb.cic.mop.bench02.predictablecryptographickey.PredictableCryptographicKeyBBCase1,PredictableCryptographicKeyBBCase1,main
KeyGeneratorSpec,InvalidSequenceOfMethodCalls,br.unb.cic.mop.bench02.brokencrypto.BrokenCryptoABICase2,BrokenCryptoABICase2,go
KeyGeneratorSpec,InvalidSequenceOfMethodCalls,br.unb.cic.mop.bench02.brokencrypto.BrokenCryptoBBCase5,BrokenCryptoBBCase5,go
CipherSpec,InvalidSequenceOfMethodCalls,br.unb.cic.mop.bench02.ecbcrypto.EcbInSymmCryptoABICase2,EcbInSymmCryptoABICase2,go
MessageDigestSpec,InvalidSequenceOfMethodCalls,br.unb.cic.mop.bench02.brokenhash.BrokenHashABICase9,BrokenHashABICase9,method1
PBEParameterSpec,InvalidSequenceOfMethodCalls,br.unb.cic.mop.bench02.staticsalts.StaticSaltsABPSCase1,StaticSaltsABPSCase1,key2
SecretKeySpec,UnsatisfiedConstraint,br.unb.cic.mop.bench02.credentialinstring.CredentialInStringBBCase1,CredentialInStringBBCase1,main
KeyPairSpec,InvalidSequenceOfMethodCalls,br.unb.cic.mop.bench02.insecureasymmetriccrypto.InsecureAsymmetricCipherABICase1,InsecureAsymmetricCipherABICase1,go
PBEParameterSpec,InvalidSequenceOfMethodCalls,br.unb.cic.mop.bench02.staticsalts.StaticSaltsABICase2,StaticSaltsABICase2,key2
MessageDigestSpec,InvalidSequenceOfMethodCalls,br.unb.cic.mop.bench02.brokenhash.BrokenHashABICase2,BrokenHashABICase2,go
PBEParameterSpec,InvalidSequenceOfMethodCalls,br.unb.cic.mop.bench02.pbeiteration.LessThan1000IterationPBEABPSCase1,LessThan1000IterationPBEABPSCase1,main
KeyGeneratorSpec,InvalidSequenceOfMethodCalls,br.unb.cic.mop.bench02.brokencrypto.Crypto3,Crypto3,encrypt
PBEKeySpec,UnsatisfiedConstraint,first argument should have been randomized br.unb.cic.mop.bench02.predictablepbepassword.PredictablePBEPasswordABICase2.go(PredictablePBEPasswordABICase2.java:33),java:33),first argument should have been randomized br.unb.cic.mop.bench02.predictablepbepassword.PredictablePBEPasswordABICase2.go(PredictablePBEPasswordABICase2.java:33)
KeyGeneratorSpec,UnsafeAlgorithm,br.unb.cic.mop.bench02.brokencrypto.BrokenCryptoABMC2,BrokenCryptoABMC2,go
KeyGeneratorSpec,InvalidSequenceOfMethodCalls,br.unb.cic.mop.bench02.brokencrypto.BrokenCryptoABICase5,BrokenCryptoABICase5,go
SecretKeySpec,InvalidSequenceOfMethodCalls,br.unb.cic.mop.bench02.predictablecryptographickey.PredictableCryptographicKeyABHCase2,PredictableCryptographicKeyABHCase2,main
PBEParameterSpec,InvalidSequenceOfMethodCalls,br.unb.cic.mop.bench02.staticsalts.StaticSaltsABMC1,StaticSaltsABMC1,key2
SecretKeySpec,UnsatisfiedConstraint,br.unb.cic.mop.bench02.predictablecryptographickey.PredictableCryptographicKeyABHCase2,PredictableCryptographicKeyABHCase2,main
MessageDigestSpec,UnsafeAlgorithm,br.unb.cic.mop.bench02.brokenhash.BrokenHashABICase12,BrokenHashABICase12,method1
IvParameterSpecSpec,UnsatisfiedConstraint,the byte[] initialization vector must be randomizedbr.unb.cic.mop.bench02.staticinitializationvector.StaticInitializationVectorBBCase1.go(StaticInitializationVectorBBCase1.java:18),java:18),the byte[] initialization vector must be randomizedbr.unb.cic.mop.bench02.staticinitializationvector.StaticInitializationVectorBBCase1.go(StaticInitializationVectorBBCase1.java:18)
PBEKeySpec,UnsatisfiedConstraint,first argument should have been randomized br.unb.cic.mop.bench02.predictablepbepassword.PredictablePBEPasswordABHCase2.key(PredictablePBEPasswordABHCase2.java:30),java:30),first argument should have been randomized br.unb.cic.mop.bench02.predictablepbepassword.PredictablePBEPasswordABHCase2.key(PredictablePBEPasswordABHCase2.java:30)
MessageDigestSpec,InvalidSequenceOfMethodCalls,br.unb.cic.mop.bench02.brokenhash.BrokenHashABICase3,BrokenHashABICase3,go
KeyGeneratorSpec,InvalidSequenceOfMethodCalls,br.unb.cic.mop.bench02.brokencrypto.Crypto4,Crypto4,encrypt
KeyPairSpec,InvalidSequenceOfMethodCalls,br.unb.cic.mop.bench02.insecureasymmetriccrypto.InsecureAsymmetricCipherABICase2,InsecureAsymmetricCipherABICase2,go
MessageDigestSpec,InvalidSequenceOfMethodCalls,br.unb.cic.mop.bench02.brokenhash.CryptoHash1,CryptoHash1,encrypt
KeyGeneratorSpec,UnsafeAlgorithm,br.unb.cic.mop.bench02.brokencrypto.BrokenCryptoABMC1,BrokenCryptoABMC1,go
IvParameterSpecSpec,UnsatisfiedConstraint,the byte[] initialization vector must be randomizedbr.unb.cic.mop.bench02.staticinitializationvector.StaticInitializationVectorABICase1.go(StaticInitializationVectorABICase1.java:12),java:12),the byte[] initialization vector must be randomizedbr.unb.cic.mop.bench02.staticinitializationvector.StaticInitializationVectorABICase1.go(StaticInitializationVectorABICase1.java:12)
KeyGeneratorSpec,InvalidSequenceOfMethodCalls,br.unb.cic.mop.bench02.brokencrypto.BrokenCryptoABICase4,BrokenCryptoABICase4,go
KeyGeneratorSpec,InvalidSequenceOfMethodCalls,br.unb.cic.mop.bench02.brokencrypto.BrokenCryptoBBCase3,BrokenCryptoBBCase3,go
KeyGeneratorSpec,UnsafeAlgorithm,br.unb.cic.mop.bench02.brokencrypto.BrokenCryptoABICase10,BrokenCryptoABICase10,go
PBEParameterSpec,InvalidSequenceOfMethodCalls,br.unb.cic.mop.bench02.pbeiteration.LessThan1000IterationPBEABICase2,LessThan1000IterationPBEABICase2,key2
PBEParameterSpec,InvalidSequenceOfMethodCalls,br.unb.cic.mop.bench02.pbeiteration.LessThan1000IterationPBEABMC1,LessThan1000IterationPBEABMC1,go
KeyGeneratorSpec,UnsafeAlgorithm,br.unb.cic.mop.bench02.brokencrypto.BrokenCryptoABICase5,BrokenCryptoABICase5,go
MessageDigestSpec,UnsafeAlgorithm,br.unb.cic.mop.bench02.brokenhash.BrokenHashABMC1,BrokenHashABMC1,go
PBEKeySpec,InvalidSequenceOfMethodCalls,br.unb.cic.mop.bench02.predictablepbepassword.PredictablePBEPasswordABHCase2,PredictablePBEPasswordABHCase2,key
PBEParameterSpec,UnsafeAlgorithm,br.unb.cic.mop.bench02.staticsalts.CryptoStaticSalt1,CryptoStaticSalt1,method1
MessageDigestSpec,UnsafeAlgorithm,br.unb.cic.mop.bench02.brokenhash.BrokenHashABICase9,BrokenHashABICase9,method1
SecureRandomSpec,InvalidSequenceOfMethodCalls,br.unb.cic.mop.bench02.predictableseeds.PredictableSeedsABHCase4,PredictableSeedsABHCase4,main
PBEKeySpec,UnsatisfiedConstraint,first argument should have been randomized br.unb.cic.mop.bench02.predictablepbepassword.PredictablePBEPasswordABICase3.method2(PredictablePBEPasswordABICase3.java:28),java:28),first argument should have been randomized br.unb.cic.mop.bench02.predictablepbepassword.PredictablePBEPasswordABICase3.method2(PredictablePBEPasswordABICase3.java:28)
KeyGeneratorSpec,UnsafeAlgorithm,br.unb.cic.mop.bench02.brokencrypto.BrokenCryptoABICase13,BrokenCryptoABICase13,method1
PBEParameterSpec,UnsafeAlgorithm,br.unb.cic.mop.bench02.staticsalts.StaticSaltsABICase2,StaticSaltsABICase2,key2
MessageDigestSpec,UnsafeAlgorithm,br.unb.cic.mop.bench02.brokenhash.BrokenHashABICase5,BrokenHashABICase5,go
MessageDigestSpec,InvalidSequenceOfMethodCalls,br.unb.cic.mop.bench02.brokenhash.BrokenHashBBCase1,BrokenHashBBCase1,main
KeyGeneratorSpec,InvalidSequenceOfMethodCalls,br.unb.cic.mop.bench02.brokencrypto.BrokenCryptoBBCase4,BrokenCryptoBBCase4,go
IvParameterSpecSpec,UnsatisfiedConstraint,the byte[] initialization vector must be randomizedbr.unb.cic.mop.bench02.staticinitializationvector.StaticInitializationVectorABICase2.go(StaticInitializationVectorABICase2.java:17),java:17),the byte[] initialization vector must be randomizedbr.unb.cic.mop.bench02.staticinitializationvector.StaticInitializationVectorABICase2.go(StaticInitializationVectorABICase2.java:17)
KeyGeneratorSpec,UnsafeAlgorithm,br.unb.cic.mop.bench02.brokencrypto.BrokenCryptoABICase12,BrokenCryptoABICase12,method1
PBEKeySpec,UnsatisfiedConstraint,first argument should have been randomized br.unb.cic.mop.bench02.predictablepbepassword.PredictablePBEPasswordBBCase1.key(PredictablePBEPasswordBBCase1.java:22),java:22),first argument should have been randomized br.unb.cic.mop.bench02.predictablepbepassword.PredictablePBEPasswordBBCase1.key(PredictablePBEPasswordBBCase1.java:22)
CipherSpec,InvalidSequenceOfMethodCalls,br.unb.cic.mop.bench02.credentialinstring.CredentialInStringCorrected,CredentialInStringCorrected,main
KeyGeneratorSpec,UnsafeAlgorithm,br.unb.cic.mop.bench02.brokencrypto.BrokenCryptoABICase4,BrokenCryptoABICase4,go
MessageDigestSpec,UnsafeAlgorithm,br.unb.cic.mop.bench02.brokenhash.BrokenHashABMC2,BrokenHashABMC2,go
KeyPairGeneratorSpec,InvalidSequenceOfMethodCalls,br.unb.cic.mop.bench02.insecureasymmetriccrypto.InsecureAsymmetricCipherABICase1,InsecureAsymmetricCipherABICase1,go
MessageDigestSpec,InvalidSequenceOfMethodCalls,br.unb.cic.mop.bench02.brokenhash.BrokenHashABICase1,BrokenHashABICase1,go
SecureRandomSpec,UnsatisfiedConstraint,setSeed() expects a randomized byte array.br.unb.cic.mop.bench02.predictableseeds.PredictableSeedsABMC1.go(PredictableSeedsABMC1.java:8),java:8),setSeed() expects a randomized byte array.br.unb.cic.mop.bench02.predictableseeds.PredictableSeedsABMC1.go(PredictableSeedsABMC1.java:8)
SecretKeySpec,InvalidSequenceOfMethodCalls,br.unb.cic.mop.bench02.credentialinstring.CredentialInStringCorrected,CredentialInStringCorrected,main
PBEParameterSpec,InvalidSequenceOfMethodCalls,br.unb.cic.mop.bench02.pbeiteration.CryptoPBEIteration1,CryptoPBEIteration1,method1
CipherSpec,UnsafeAlgorithm,br.unb.cic.mop.bench02.brokencrypto.Crypto2,Crypto2,encrypt
SecureRandomSpec,InvalidSequenceOfMethodCalls,br.unb.cic.mop.bench02.predictableseeds.PredictableSeedsBBCase2,PredictableSeedsBBCase2,main
MessageDigestSpec,UnsafeAlgorithm,br.unb.cic.mop.bench02.brokenhash.BrokenHashABICase4,BrokenHashABICase4,go
MessageDigestSpec,UnsafeAlgorithm,br.unb.cic.mop.bench02.brokenhash.BrokenHashBBCase4,BrokenHashBBCase4,main
KeyGeneratorSpec,InvalidSequenceOfMethodCalls,br.unb.cic.mop.bench02.brokencrypto.BrokenCryptoBBCase1,BrokenCryptoBBCase1,go
SecretKeySpec,InvalidSequenceOfMethodCalls,br.unb.cic.mop.bench02.credentialinstring.CredentialInStringBBCase1,CredentialInStringBBCase1,main
SecretKeySpec,UnsatisfiedConstraint,br.unb.cic.mop.bench02.credentialinstring.CredentialInStringABICase1,CredentialInStringABICase1,go
SecureRandomSpec,InvalidSequenceOfMethodCalls,br.unb.cic.mop.bench02.predictableseeds.PredictableSeedsABHCase2,PredictableSeedsABHCase2,main
PBEParameterSpec,InvalidSequenceOfMethodCalls,br.unb.cic.mop.bench02.staticsalts.StaticSaltsABICase3,StaticSaltsABICase3,method2
KeyGeneratorSpec,UnsafeAlgorithm,br.unb.cic.mop.bench02.brokencrypto.BrokenCryptoABICase3,BrokenCryptoABICase3,go
SecureRandomSpec,UnsatisfiedConstraint,setSeed() expects a randomized byte array.br.unb.cic.mop.bench02.predictableseeds.CryptoPredictableSeed1.method1(PredictableSeedsABSCase1.java:35),java:35),setSeed() expects a randomized byte array.br.unb.cic.mop.bench02.predictableseeds.CryptoPredictableSeed1.method1(PredictableSeedsABSCase1.java:35)
KeyPairGeneratorSpec,InvalidSequenceOfMethodCalls,br.unb.cic.mop.bench02.insecureasymmetriccrypto.InsecureAsymmetricCipherABMC1,InsecureAsymmetricCipherABMC1,go
MessageDigestSpec,UnsafeAlgorithm,br.unb.cic.mop.bench02.brokenhash.BrokenHashABMC3,BrokenHashABMC3,go
PBEParameterSpec,UnsafeAlgorithm,br.unb.cic.mop.bench02.pbeiteration.LessThan1000IterationPBECorrected,LessThan1000IterationPBECorrected,key2
IvParameterSpecSpec,UnsatisfiedConstraint,the byte[] initialization vector must be randomizedbr.unb.cic.mop.bench02.staticinitializationvector.CryptoStaticIV1.method1(StaticInitializationVectorABSCase1.java:34),java:34),the byte[] initialization vector must be randomizedbr.unb.cic.mop.bench02.staticinitializationvector.CryptoStaticIV1.method1(StaticInitializationVectorABSCase1.java:34)
KeyGeneratorSpec,InvalidSequenceOfMethodCalls,br.unb.cic.mop.bench02.brokencrypto.BrokenCryptoABICase1,BrokenCryptoABICase1,go
MessageDigestSpec,InvalidSequenceOfMethodCalls,br.unb.cic.mop.bench02.brokenhash.CryptoHash4,CryptoHash4,encrypt
PBEParameterSpec,InvalidSequenceOfMethodCalls,br.unb.cic.mop.bench02.staticsalts.StaticSaltsABHCase1,StaticSaltsABHCase1,key2
KeyGeneratorSpec,UnsafeAlgorithm,br.unb.cic.mop.bench02.brokencrypto.Crypto4,Crypto4,encrypt
KeyGeneratorSpec,UnsafeAlgorithm,br.unb.cic.mop.bench02.brokencrypto.BrokenCryptoABICase15,BrokenCryptoABICase15,method1
IvParameterSpecSpec,UnsatisfiedConstraint,the byte[] initialization vector must be randomizedbr.unb.cic.mop.bench02.staticinitializationvector.StaticInitializationVectorABHCase2.go(StaticInitializationVectorABHCase2.java:31),java:31),the byte[] initialization vector must be randomizedbr.unb.cic.mop.bench02.staticinitializationvector.StaticInitializationVectorABHCase2.go(StaticInitializationVectorABHCase2.java:31)
SecretKeySpec,InvalidSequenceOfMethodCalls,br.unb.cic.mop.bench02.credentialinstring.CredentialInStringABMC1,CredentialInStringABMC1,go
SecureRandomSpec,InvalidSequenceOfMethodCalls,br.unb.cic.mop.bench02.predictableseeds.PredictableSeedsBBCase1,PredictableSeedsBBCase1,main
PBEParameterSpec,UnsafeAlgorithm,br.unb.cic.mop.bench02.staticsalts.StaticSaltsCorrected,StaticSaltsCorrected,key2
PBEKeySpec,UnsatisfiedConstraint,first argument should have been randomized br.unb.cic.mop.bench02.predictablepbepassword.PredictablePBEPasswordABICase1.go(PredictablePBEPasswordABICase1.java:22),java:22),first argument should have been randomized br.unb.cic.mop.bench02.predictablepbepassword.PredictablePBEPasswordABICase1.go(PredictablePBEPasswordABICase1.java:22)
KeyPairGeneratorSpec,InvalidKeySize,br.unb.cic.mop.bench02.insecureasymmetriccrypto.InsecureAsymmetricCipherBBCase1,InsecureAsymmetricCipherBBCase1,go
MessageDigestSpec,InvalidSequenceOfMethodCalls,br.unb.cic.mop.bench02.brokenhash.BrokenHashBBCase3,BrokenHashBBCase3,main
MessageDigestSpec,UnsafeAlgorithm,br.unb.cic.mop.bench02.brokenhash.BrokenHashABICase3,BrokenHashABICase3,go
KeyPairSpec,InvalidSequenceOfMethodCalls,br.unb.cic.mop.bench02.insecureasymmetriccrypto.InsecureAsymmetricCipherABICase3,InsecureAsymmetricCipherABICase3,method1
KeyGeneratorSpec,InvalidSequenceOfMethodCalls,br.unb.cic.mop.bench02.brokencrypto.BrokenCryptoBBCase2,BrokenCryptoBBCase2,go
KeyGeneratorSpec,InvalidSequenceOfMethodCalls,br.unb.cic.mop.bench02.brokencrypto.BrokenCryptoABICase11,BrokenCryptoABICase11,method1
PBEParameterSpec,UnsafeAlgorithm,br.unb.cic.mop.bench02.pbeiteration.LessThan1000IterationPBEABPSCase1,LessThan1000IterationPBEABPSCase1,main
SecretKeySpec,UnsatisfiedConstraint,br.unb.cic.mop.bench02.credentialinstring.CredentialInStringABICase3,CredentialInStringABICase3,method2
MessageDigestSpec,UnsafeAlgorithm,br.unb.cic.mop.bench02.brokenhash.BrokenHashABMC4,BrokenHashABMC4,go
KeyGeneratorSpec,UnsafeAlgorithm,br.unb.cic.mop.bench02.brokencrypto.BrokenCryptoABICase2,BrokenCryptoABICase2,go
PBEParameterSpec,InvalidSequenceOfMethodCalls,br.unb.cic.mop.bench02.pbeiteration.LessThan1000IterationPBEABHCase1,LessThan1000IterationPBEABHCase1,key2
PBEParameterSpec,UnsafeAlgorithm,br.unb.cic.mop.bench02.staticsalts.StaticSaltsBBCase1,StaticSaltsBBCase1,key2
CipherSpec,InvalidSequenceOfMethodCalls,br.unb.cic.mop.bench02.brokencrypto.Crypto2,Crypto2,encrypt
PBEParameterSpec,UnsafeAlgorithm,br.unb.cic.mop.bench02.staticsalts.StaticSaltsABPSCase1,StaticSaltsABPSCase1,key2
PBEParameterSpec,UnsafeAlgorithm,br.unb.cic.mop.bench02.staticsalts.StaticSaltsABICase1,StaticSaltsABICase1,key2
MessageDigestSpec,UnsafeAlgorithm,br.unb.cic.mop.bench02.brokenhash.BrokenHashABICase2,BrokenHashABICase2,go
KeyGeneratorSpec,UnsafeAlgorithm,br.unb.cic.mop.bench02.brokencrypto.BrokenCryptoABICase14,BrokenCryptoABICase14,method1
PBEParameterSpec,UnsafeAlgorithm,br.unb.cic.mop.bench02.untrustedprng.UntrustedPRNGCase1,UntrustedPRNGCase1,main
KeyGeneratorSpec,UnsafeAlgorithm,br.unb.cic.mop.bench02.brokencrypto.Crypto3,Crypto3,encrypt
SecureRandomSpec,InvalidSequenceOfMethodCalls,br.unb.cic.mop.bench02.predictableseeds.PredictableSeedsABMC2,PredictableSeedsABMC2,go
MessageDigestSpec,InvalidSequenceOfMethodCalls,br.unb.cic.mop.bench02.brokenhash.BrokenHashBBCase2,BrokenHashBBCase2,main
PBEParameterSpec,UnsafeAlgorithm,br.unb.cic.mop.bench02.pbeiteration.CryptoPBEIteration1,CryptoPBEIteration1,method1
KeyGeneratorSpec,UnsafeAlgorithm,br.unb.cic.mop.bench02.brokencrypto.BrokenCryptoABICase9,BrokenCryptoABICase9,go
IvParameterSpecSpec,InvalidSequenceOfMethodCalls,br.unb.cic.mop.bench02.staticinitializationvector.StaticInitializationVectorABHCase2,StaticInitializationVectorABHCase2,go
PBEParameterSpec,UnsafeAlgorithm,br.unb.cic.mop.bench02.pbeiteration.LessThan1000IterationPBEABICase3,LessThan1000IterationPBEABICase3,method1
SecureRandomSpec,UnsatisfiedConstraint,setSeed() expects a randomized byte array.br.unb.cic.mop.bench02.predictableseeds.PredictableSeedsABICase3.go(PredictableSeedsABICase3.java:25),java:25),setSeed() expects a randomized byte array.br.unb.cic.mop.bench02.predictableseeds.PredictableSeedsABICase3.go(PredictableSeedsABICase3.java:25)
KeyGeneratorSpec,InvalidSequenceOfMethodCalls,br.unb.cic.mop.bench02.brokencrypto.BrokenCryptoABICase12,BrokenCryptoABICase12,method1
PBEKeySpec,UnsatisfiedConstraint,first argument should have been randomized br.unb.cic.mop.bench02.predictablepbepassword.PredictablePBEPasswordABMC1.key(PredictablePBEPasswordABMC1.java:16),java:16),first argument should have been randomized br.unb.cic.mop.bench02.predictablepbepassword.PredictablePBEPasswordABMC1.key(PredictablePBEPasswordABMC1.java:16)
MessageDigestSpec,UnsafeAlgorithm,br.unb.cic.mop.bench02.brokenhash.BrokenHashBBCase2,BrokenHashBBCase2,main
CipherSpec,InvalidSequenceOfMethodCalls,br.unb.cic.mop.bench02.ecbcrypto.EcbInSymmCryptoBBCase1,EcbInSymmCryptoBBCase1,go
CipherSpec,InvalidSequenceOfMethodCalls,br.unb.cic.mop.bench02.brokencrypto.Crypto3,Crypto3,encrypt
PBEParameterSpec,InvalidSequenceOfMethodCalls,br.unb.cic.mop.bench02.staticsalts.StaticSaltsBBCase1,StaticSaltsBBCase1,key2
KeyGeneratorSpec,UnsafeAlgorithm,br.unb.cic.mop.bench02.brokencrypto.BrokenCryptoBBCase5,BrokenCryptoBBCase5,go
PBEKeySpec,InvalidSequenceOfMethodCalls,br.unb.cic.mop.bench02.predictablepbepassword.PredictablePBEPasswordABICase3,PredictablePBEPasswordABICase3,method2
SecureRandomSpec,InvalidSequenceOfMethodCalls,br.unb.cic.mop.bench02.predictableseeds.PredictableSeedsABMC1,PredictableSeedsABMC1,go
KeyGeneratorSpec,UnsafeAlgorithm,br.unb.cic.mop.bench02.brokencrypto.Crypto6,Crypto6,encrypt
KeyGeneratorSpec,InvalidSequenceOfMethodCalls,br.unb.cic.mop.bench02.brokencrypto.BrokenCryptoABICase13,BrokenCryptoABICase13,method1
MessageDigestSpec,UnsafeAlgorithm,br.unb.cic.mop.bench02.brokenhash.BrokenHashABICase8,BrokenHashABICase8,go
KeyGeneratorSpec,UnsafeAlgorithm,br.unb.cic.mop.bench02.brokencrypto.BrokenCryptoABICase8,BrokenCryptoABICase8,go
SecretKeySpec,UnsatisfiedConstraint,br.unb.cic.mop.bench02.credentialinstring.CredentialInStringABICase2,CredentialInStringABICase2,go
PBEParameterSpec,InvalidSequenceOfMethodCalls,br.unb.cic.mop.bench02.pbeiteration.LessThan1000IterationPBEABICase1,LessThan1000IterationPBEABICase1,go
MessageDigestSpec,UnsafeAlgorithm,br.unb.cic.mop.bench02.brokenhash.BrokenHashBBCase3,BrokenHashBBCase3,main
CipherSpec,InvalidSequenceOfMethodCalls,br.unb.cic.mop.bench02.brokencrypto.Crypto4,Crypto4,encrypt
IvParameterSpecSpec,InvalidSequenceOfMethodCalls,br.unb.cic.mop.bench02.staticinitializationvector.StaticInitializationVectorABICase3,StaticInitializationVectorABICase3,method2
SecretKeySpec,UnsatisfiedConstraint,br.unb.cic.mop.bench02.predictablecryptographickey.PredictableCryptographicKeyABICase3,PredictableCryptographicKeyABICase3,method2
MessageDigestSpec,InvalidSequenceOfMethodCalls,br.unb.cic.mop.bench02.brokenhash.BrokenHashBBCase4,BrokenHashBBCase4,main
KeyGeneratorSpec,UnsafeAlgorithm,br.unb.cic.mop.bench02.brokencrypto.Crypto5,Crypto5,encrypt
IvParameterSpecSpec,UnsatisfiedConstraint,the byte[] initialization vector must be randomizedbr.unb.cic.mop.bench02.staticinitializationvector.StaticInitializationVectorABICase3.method2(StaticInitializationVectorABICase3.java:12),java:12),the byte[] initialization vector must be randomizedbr.unb.cic.mop.bench02.staticinitializationvector.StaticInitializationVectorABICase3.method2(StaticInitializationVectorABICase3.java:12)
IvParameterSpecSpec,UnsatisfiedConstraint,the byte[] initialization vector must be randomizedbr.unb.cic.mop.bench02.staticinitializationvector.StaticInitializationVectorABHCase1.go(StaticInitializationVectorABHCase1.java:21),java:21),the byte[] initialization vector must be randomizedbr.unb.cic.mop.bench02.staticinitializationvector.StaticInitializationVectorABHCase1.go(StaticInitializationVectorABHCase1.java:21)
KeyGeneratorSpec,UnsafeAlgorithm,br.unb.cic.mop.bench02.brokencrypto.BrokenCryptoABICase7,BrokenCryptoABICase7,go
KeyGeneratorSpec,InvalidSequenceOfMethodCalls,br.unb.cic.mop.bench02.brokencrypto.BrokenCryptoABICase14,BrokenCryptoABICase14,method1
IvParameterSpecSpec,InvalidSequenceOfMethodCalls,br.unb.cic.mop.bench02.staticinitializationvector.StaticInitializationVectorABICase1,StaticInitializationVectorABICase1,go
SecretKeySpec,UnsatisfiedConstraint,br.unb.cic.mop.bench02.predictablecryptographickey.PredictableCryptographicKeyABICase1,PredictableCryptographicKeyABICase1,go
CipherSpec,UnsafeAlgorithm,br.unb.cic.mop.bench02.ecbcrypto.CryptoECB1,CryptoECB1,method1
MessageDigestSpec,UnsafeAlgorithm,br.unb.cic.mop.bench02.brokenhash.BrokenHashABICase7,BrokenHashABICase7,go
KeyGeneratorSpec,UnsafeAlgorithm,br.unb.cic.mop.bench02.brokencrypto.BrokenCryptoABICase11,BrokenCryptoABICase11,method1
SecretKeySpec,InvalidSequenceOfMethodCalls,br.unb.cic.mop.bench02.predictablecryptographickey.PredictableCryptographicKeyABICase1,PredictableCryptographicKeyABICase1,go
KeyPairGeneratorSpec,InvalidKeySize,br.unb.cic.mop.bench02.insecureasymmetriccrypto.InsecureAsymmetricCipherABICase2,InsecureAsymmetricCipherABICase2,main
MacSpec,UnsafeAlgorithm,br.unb.cic.mop.bench02.brokenmac.BrokenMacBBCase1,BrokenMacBBCase1,main
PBEParameterSpec,InvalidSequenceOfMethodCalls,br.unb.cic.mop.bench02.staticsalts.StaticSaltsCorrected,StaticSaltsCorrected,key2
IvParameterSpecSpec,InvalidSequenceOfMethodCalls,br.unb.cic.mop.bench02.staticinitializationvector.CryptoStaticIV1,CryptoStaticIV1,method1
KeyGeneratorSpec,InvalidSequenceOfMethodCalls,br.unb.cic.mop.bench02.brokencrypto.BrokenCryptoABICase10,BrokenCryptoABICase10,go
CipherSpec,InvalidSequenceOfMethodCalls,br.unb.cic.mop.bench02.credentialinstring.CredentialInStringBBCase1,CredentialInStringBBCase1,main
SecureRandomSpec,InvalidSequenceOfMethodCalls,br.unb.cic.mop.bench02.predictableseeds.CryptoPredictableSeed1,CryptoPredictableSeed1,method1
KeyPairSpec,InvalidSequenceOfMethodCalls,br.unb.cic.mop.bench02.insecureasymmetriccrypto.InsecureAsymmetricCipherABMC1,InsecureAsymmetricCipherABMC1,go
CipherSpec,InvalidSequenceOfMethodCalls,br.unb.cic.mop.bench02.brokencrypto.Crypto5,Crypto5,encrypt
KeyGeneratorSpec,UnsafeAlgorithm,br.unb.cic.mop.bench02.brokencrypto.BrokenCryptoABICase6,BrokenCryptoABICase6,go
KeyGeneratorSpec,InvalidSequenceOfMethodCalls,br.unb.cic.mop.bench02.brokencrypto.BrokenCryptoABICase15,BrokenCryptoABICase15,method1
SecureRandomSpec,UnsatisfiedConstraint,setSeed() expects a randomized byte array.br.unb.cic.mop.bench02.predictableseeds.PredictableSeedsABICase1.go(PredictableSeedsABICase1.java:13),java:13),setSeed() expects a randomized byte array.br.unb.cic.mop.bench02.predictableseeds.PredictableSeedsABICase1.go(PredictableSeedsABICase1.java:13)
SecretKeySpec,UnsatisfiedConstraint,br.unb.cic.mop.bench02.predictablecryptographickey.PredictableCryptographicKeyABMC1,PredictableCryptographicKeyABMC1,go
IvParameterSpecSpec,InvalidSequenceOfMethodCalls,br.unb.cic.mop.bench02.staticinitializationvector.StaticInitializationVectorABHCase1,StaticInitializationVectorABHCase1,go
SecretKeySpec,InvalidSequenceOfMethodCalls,br.unb.cic.mop.bench02.predictablecryptographickey.PredictableCryptographicKeyABICase2,PredictableCryptographicKeyABICase2,go
CipherSpec,UnsafeAlgorithm,br.unb.cic.mop.bench02.ecbcrypto.EcbInSymmCryptoABMC1,EcbInSymmCryptoABMC1,go
PBEParameterSpec,InvalidSequenceOfMethodCalls,br.unb.cic.mop.bench02.pbeiteration.LessThan1000IterationPBEBBCase1,LessThan1000IterationPBEBBCase1,key2
MessageDigestSpec,UnsafeAlgorithm,br.unb.cic.mop.bench02.brokenhash.CryptoHash4,CryptoHash4,encrypt
PBEParameterSpec,InvalidSequenceOfMethodCalls,br.unb.cic.mop.bench02.pbeiteration.LessThan1000IterationPBECorrected,LessThan1000IterationPBECorrected,key2
KeyPairGeneratorSpec,InvalidKeySize,br.unb.cic.mop.bench02.insecureasymmetriccrypto.InsecureAsymmetricCipherABMC1,InsecureAsymmetricCipherABMC1,go
MessageDigestSpec,UnsafeAlgorithm,br.unb.cic.mop.bench02.brokenhash.BrokenHashBBCase1,BrokenHashBBCase1,main
MacSpec,UnsafeAlgorithm,br.unb.cic.mop.bench02.brokenmac.BrokenMacBBCase2,BrokenMacBBCase2,main
SecureRandomSpec,UnsatisfiedConstraint,setSeed() expects a randomized byte array.br.unb.cic.mop.bench02.predictableseeds.PredictableSeedsBBCase1.main(PredictableSeedsBBCase1.java:10),java:10),setSeed() expects a randomized byte array.br.unb.cic.mop.bench02.predictableseeds.PredictableSeedsBBCase1.main(PredictableSeedsBBCase1.java:10)
MessageDigestSpec,UnsafeAlgorithm,br.unb.cic.mop.bench02.brokenhash.CryptoHash3,CryptoHash3,encrypt
KeyPairGeneratorSpec,InvalidSequenceOfMethodCalls,br.unb.cic.mop.bench02.insecureasymmetriccrypto.InsecureAsymmetricCipherABICase3,InsecureAsymmetricCipherABICase3,method1
CipherSpec,InvalidSequenceOfMethodCalls,br.unb.cic.mop.bench02.brokencrypto.Crypto6,Crypto6,encrypt
MessageDigestSpec,UnsafeAlgorithm,br.unb.cic.mop.bench02.brokenhash.BrokenHashABICase6,BrokenHashABICase6,go
