cwe,ClassName,Tool,Warning
327,BenchmarkTest00005,RVSec,TP
327,BenchmarkTest00019,RVSec,TP
327,BenchmarkTest00020,RVSec,TP
327,BenchmarkTest00035,RVSec,TP
327,BenchmarkTest00050,RVSec,TP
327,BenchmarkTest00053,RVSec,TP
327,BenchmarkTest00055,RVSec,TP
327,BenchmarkTest00056,RVSec,TP
327,BenchmarkTest00057,RVSec,TP
327,BenchmarkTest00119,RVSec,TP
327,BenchmarkTest00120,RVSec,TP
327,BenchmarkTest00123,RVSec,TP
327,BenchmarkTest00124,RVSec,TP
327,BenchmarkTest00125,RVSec,TP
327,BenchmarkTest00208,RVSec,TP
327,BenchmarkTest00210,RVSec,TP
327,BenchmarkTest00254,RVSec,TP
327,BenchmarkTest00256,RVSec,TP
327,BenchmarkTest00257,RVSec,TP
327,BenchmarkTest00258,RVSec,TP
327,BenchmarkTest00354,RVSec,TP
327,BenchmarkTest00355,RVSec,TP
327,BenchmarkTest00356,RVSec,TP
327,BenchmarkTest00445,RVSec,TP
327,BenchmarkTest00446,RVSec,TP
327,BenchmarkTest00448,RVSec,TP
327,BenchmarkTest00449,RVSec,TP
327,BenchmarkTest00521,RVSec,TP
327,BenchmarkTest00522,RVSec,TP
327,BenchmarkTest00608,RVSec,TP
327,BenchmarkTest00609,RVSec,TP
327,BenchmarkTest00610,RVSec,TP
327,BenchmarkTest00611,RVSec,TP
327,BenchmarkTest00614,RVSec,TP
327,BenchmarkTest00615,RVSec,TP
327,BenchmarkTest00616,RVSec,TP
327,BenchmarkTest00617,RVSec,TP
327,BenchmarkTest00684,RVSec,TP
327,BenchmarkTest00685,RVSec,TP
327,BenchmarkTest00688,RVSec,TP
327,BenchmarkTest00691,RVSec,TP
327,BenchmarkTest00692,RVSec,TP
327,BenchmarkTest00693,RVSec,TP
327,BenchmarkTest00779,RVSec,TP
327,BenchmarkTest00781,RVSec,TP
327,BenchmarkTest00853,RVSec,TP
327,BenchmarkTest00855,RVSec,TP
327,BenchmarkTest00856,RVSec,TP
327,BenchmarkTest00857,RVSec,TP
327,BenchmarkTest00859,RVSec,TP
327,BenchmarkTest00945,RVSec,TP
327,BenchmarkTest00946,RVSec,TP
327,BenchmarkTest01015,RVSec,TP
327,BenchmarkTest01016,RVSec,TP
327,BenchmarkTest01017,RVSec,TP
327,BenchmarkTest01018,RVSec,TP
327,BenchmarkTest01020,RVSec,TP
327,BenchmarkTest01099,RVSec,TP
327,BenchmarkTest01102,RVSec,TP
327,BenchmarkTest01103,RVSec,TP
327,BenchmarkTest01105,RVSec,TP
327,BenchmarkTest01106,RVSec,TP
327,BenchmarkTest01107,RVSec,TP
327,BenchmarkTest01148,RVSec,TP
327,BenchmarkTest01149,RVSec,TP
327,BenchmarkTest01150,RVSec,TP
327,BenchmarkTest01228,RVSec,TP
327,BenchmarkTest01229,RVSec,TP
327,BenchmarkTest01230,RVSec,TP
327,BenchmarkTest01317,RVSec,TP
327,BenchmarkTest01318,RVSec,TP
327,BenchmarkTest01320,RVSec,TP
327,BenchmarkTest01322,RVSec,TP
327,BenchmarkTest01323,RVSec,TP
327,BenchmarkTest01325,RVSec,TP
327,BenchmarkTest01398,RVSec,TP
327,BenchmarkTest01480,RVSec,TP
327,BenchmarkTest01483,RVSec,TP
327,BenchmarkTest01484,RVSec,TP
327,BenchmarkTest01486,RVSec,TP
327,BenchmarkTest01489,RVSec,TP
327,BenchmarkTest01565,RVSec,TP
327,BenchmarkTest01566,RVSec,TP
327,BenchmarkTest01634,RVSec,TP
327,BenchmarkTest01637,RVSec,TP
327,BenchmarkTest01638,RVSec,TP
327,BenchmarkTest01639,RVSec,TP
327,BenchmarkTest01641,RVSec,TP
327,BenchmarkTest01740,RVSec,TP
327,BenchmarkTest01741,RVSec,TP
327,BenchmarkTest01742,RVSec,TP
327,BenchmarkTest01822,RVSec,TP
327,BenchmarkTest01823,RVSec,TP
327,BenchmarkTest01829,RVSec,TP
327,BenchmarkTest01830,RVSec,TP
327,BenchmarkTest01895,RVSec,TP
327,BenchmarkTest01897,RVSec,TP
327,BenchmarkTest01898,RVSec,TP
327,BenchmarkTest01900,RVSec,TP
327,BenchmarkTest01978,RVSec,TP
327,BenchmarkTest01980,RVSec,TP
327,BenchmarkTest01981,RVSec,TP
327,BenchmarkTest02017,RVSec,TP
327,BenchmarkTest02018,RVSec,TP
327,BenchmarkTest02019,RVSec,TP
327,BenchmarkTest02020,RVSec,TP
327,BenchmarkTest02022,RVSec,TP
327,BenchmarkTest02023,RVSec,TP
327,BenchmarkTest02101,RVSec,TP
327,BenchmarkTest02192,RVSec,TP
327,BenchmarkTest02193,RVSec,TP
327,BenchmarkTest02194,RVSec,TP
327,BenchmarkTest02195,RVSec,TP
327,BenchmarkTest02290,RVSec,TP
327,BenchmarkTest02291,RVSec,TP
327,BenchmarkTest02292,RVSec,TP
327,BenchmarkTest02293,RVSec,TP
327,BenchmarkTest02294,RVSec,TP
327,BenchmarkTest02295,RVSec,TP
327,BenchmarkTest02373,RVSec,TP
327,BenchmarkTest02374,RVSec,TP
327,BenchmarkTest02375,RVSec,TP
327,BenchmarkTest02458,RVSec,TP
327,BenchmarkTest02548,RVSec,TP
327,BenchmarkTest02549,RVSec,TP
327,BenchmarkTest02550,RVSec,TP
327,BenchmarkTest02658,RVSec,TP
327,BenchmarkTest02660,RVSec,TP
327,BenchmarkTest02661,RVSec,TP
327,BenchmarkTest02663,RVSec,TP
328,BenchmarkTest00003,RVSec,TP
328,BenchmarkTest00029,RVSec,TP
328,BenchmarkTest00046,RVSec,TP
328,BenchmarkTest00070,RVSec,TP
328,BenchmarkTest00071,RVSec,TP
328,BenchmarkTest00073,RVSec,TP
328,BenchmarkTest00074,RVSec,TP
328,BenchmarkTest00141,RVSec,TP
328,BenchmarkTest00143,RVSec,TP
328,BenchmarkTest00223,RVSec,TP
328,BenchmarkTest00226,RVSec,TP
328,BenchmarkTest00227,RVSec,TP
328,BenchmarkTest00266,RVSec,TP
328,BenchmarkTest00267,RVSec,TP
328,BenchmarkTest00268,RVSec,TP
328,BenchmarkTest00269,RVSec,TP
328,BenchmarkTest00272,RVSec,TP
328,BenchmarkTest00273,RVSec,TP
328,BenchmarkTest00274,RVSec,TP
328,BenchmarkTest00346,RVSec,TP
328,BenchmarkTest00371,RVSec,TP
328,BenchmarkTest00372,RVSec,TP
328,BenchmarkTest00374,RVSec,TP
328,BenchmarkTest00462,RVSec,TP
328,BenchmarkTest00464,RVSec,TP
328,BenchmarkTest00465,RVSec,TP
328,BenchmarkTest00531,RVSec,TP
328,BenchmarkTest00532,RVSec,TP
328,BenchmarkTest00533,RVSec,TP
328,BenchmarkTest00534,RVSec,TP
328,BenchmarkTest00536,RVSec,TP
328,BenchmarkTest00537,RVSec,TP
328,BenchmarkTest00631,RVSec,TP
328,BenchmarkTest00634,RVSec,TP
328,BenchmarkTest00635,RVSec,TP
328,BenchmarkTest00636,RVSec,TP
328,BenchmarkTest00637,RVSec,TP
328,BenchmarkTest00638,RVSec,TP
328,BenchmarkTest00703,RVSec,TP
328,BenchmarkTest00704,RVSec,TP
328,BenchmarkTest00705,RVSec,TP
328,BenchmarkTest00708,RVSec,TP
328,BenchmarkTest00710,RVSec,TP
328,BenchmarkTest00789,RVSec,TP
328,BenchmarkTest00790,RVSec,TP
328,BenchmarkTest00794,RVSec,TP
328,BenchmarkTest00796,RVSec,TP
328,BenchmarkTest00797,RVSec,TP
328,BenchmarkTest00868,RVSec,TP
328,BenchmarkTest00869,RVSec,TP
328,BenchmarkTest00870,RVSec,TP
328,BenchmarkTest00871,RVSec,TP
328,BenchmarkTest00872,RVSec,TP
328,BenchmarkTest00875,RVSec,TP
328,BenchmarkTest00876,RVSec,TP
328,BenchmarkTest00961,RVSec,TP
328,BenchmarkTest00963,RVSec,TP
328,BenchmarkTest01038,RVSec,TP
328,BenchmarkTest01041,RVSec,TP
328,BenchmarkTest01042,RVSec,TP
328,BenchmarkTest01043,RVSec,TP
328,BenchmarkTest01044,RVSec,TP
328,BenchmarkTest01123,RVSec,TP
328,BenchmarkTest01124,RVSec,TP
328,BenchmarkTest01165,RVSec,TP
328,BenchmarkTest01166,RVSec,TP
328,BenchmarkTest01167,RVSec,TP
328,BenchmarkTest01168,RVSec,TP
328,BenchmarkTest01244,RVSec,TP
328,BenchmarkTest01246,RVSec,TP
328,BenchmarkTest01247,RVSec,TP
328,BenchmarkTest01248,RVSec,TP
328,BenchmarkTest01333,RVSec,TP
328,BenchmarkTest01334,RVSec,TP
328,BenchmarkTest01411,RVSec,TP
328,BenchmarkTest01414,RVSec,TP
328,BenchmarkTest01415,RVSec,TP
328,BenchmarkTest01416,RVSec,TP
328,BenchmarkTest01503,RVSec,TP
328,BenchmarkTest01504,RVSec,TP
328,BenchmarkTest01577,RVSec,TP
328,BenchmarkTest01579,RVSec,TP
328,BenchmarkTest01580,RVSec,TP
328,BenchmarkTest01649,RVSec,TP
328,BenchmarkTest01650,RVSec,TP
328,BenchmarkTest01651,RVSec,TP
328,BenchmarkTest01653,RVSec,TP
328,BenchmarkTest01654,RVSec,TP
328,BenchmarkTest01757,RVSec,TP
328,BenchmarkTest01761,RVSec,TP
328,BenchmarkTest01765,RVSec,TP
328,BenchmarkTest01766,RVSec,TP
328,BenchmarkTest01844,RVSec,TP
328,BenchmarkTest01845,RVSec,TP
328,BenchmarkTest01846,RVSec,TP
328,BenchmarkTest01911,RVSec,TP
328,BenchmarkTest01996,RVSec,TP
328,BenchmarkTest01997,RVSec,TP
328,BenchmarkTest02042,RVSec,TP
328,BenchmarkTest02118,RVSec,TP
328,BenchmarkTest02121,RVSec,TP
328,BenchmarkTest02211,RVSec,TP
328,BenchmarkTest02212,RVSec,TP
328,BenchmarkTest02213,RVSec,TP
328,BenchmarkTest02217,RVSec,TP
328,BenchmarkTest02219,RVSec,TP
328,BenchmarkTest02307,RVSec,TP
328,BenchmarkTest02308,RVSec,TP
328,BenchmarkTest02311,RVSec,TP
328,BenchmarkTest02385,RVSec,TP
328,BenchmarkTest02386,RVSec,TP
328,BenchmarkTest02387,RVSec,TP
328,BenchmarkTest02388,RVSec,TP
328,BenchmarkTest02391,RVSec,TP
328,BenchmarkTest02392,RVSec,TP
328,BenchmarkTest02393,RVSec,TP
328,BenchmarkTest02474,RVSec,TP
328,BenchmarkTest02475,RVSec,TP
328,BenchmarkTest02476,RVSec,TP
328,BenchmarkTest02478,RVSec,TP
328,BenchmarkTest02573,RVSec,TP
328,BenchmarkTest02574,RVSec,TP
328,BenchmarkTest02575,RVSec,TP
328,BenchmarkTest02577,RVSec,TP
328,BenchmarkTest02670,RVSec,TP
328,BenchmarkTest02671,RVSec,TP
328,BenchmarkTest02674,RVSec,TP
328,BenchmarkTest02675,RVSec,TP
328,BenchmarkTest02677,RVSec,TP
328,GranteeManager,RVSec,FP
327,BenchmarkTest00005,CogniCrypt,TP
327,BenchmarkTest00019,CogniCrypt,TP
327,BenchmarkTest00020,CogniCrypt,TP
327,BenchmarkTest00035,CogniCrypt,TP
327,BenchmarkTest00050,CogniCrypt,TP
327,BenchmarkTest00053,CogniCrypt,TP
327,BenchmarkTest00055,CogniCrypt,TP
327,BenchmarkTest00056,CogniCrypt,TP
327,BenchmarkTest00057,CogniCrypt,TP
327,BenchmarkTest00119,CogniCrypt,TP
327,BenchmarkTest00120,CogniCrypt,TP
327,BenchmarkTest00123,CogniCrypt,TP
327,BenchmarkTest00124,CogniCrypt,TP
327,BenchmarkTest00125,CogniCrypt,TP
327,BenchmarkTest00208,CogniCrypt,TP
327,BenchmarkTest00210,CogniCrypt,TP
327,BenchmarkTest00254,CogniCrypt,TP
327,BenchmarkTest00256,CogniCrypt,TP
327,BenchmarkTest00257,CogniCrypt,TP
327,BenchmarkTest00258,CogniCrypt,TP
327,BenchmarkTest00354,CogniCrypt,TP
327,BenchmarkTest00355,CogniCrypt,TP
327,BenchmarkTest00356,CogniCrypt,TP
327,BenchmarkTest00445,CogniCrypt,TP
327,BenchmarkTest00446,CogniCrypt,TP
327,BenchmarkTest00448,CogniCrypt,TP
327,BenchmarkTest00449,CogniCrypt,TP
327,BenchmarkTest00521,CogniCrypt,TP
327,BenchmarkTest00522,CogniCrypt,TP
327,BenchmarkTest00608,CogniCrypt,TP
327,BenchmarkTest00609,CogniCrypt,TP
327,BenchmarkTest00610,CogniCrypt,TP
327,BenchmarkTest00611,CogniCrypt,TP
327,BenchmarkTest00614,CogniCrypt,TP
327,BenchmarkTest00615,CogniCrypt,TP
327,BenchmarkTest00616,CogniCrypt,TP
327,BenchmarkTest00617,CogniCrypt,TP
327,BenchmarkTest00684,CogniCrypt,TP
327,BenchmarkTest00685,CogniCrypt,TP
327,BenchmarkTest00688,CogniCrypt,TP
327,BenchmarkTest00691,CogniCrypt,TP
327,BenchmarkTest00692,CogniCrypt,TP
327,BenchmarkTest00693,CogniCrypt,TP
327,BenchmarkTest00779,CogniCrypt,TP
327,BenchmarkTest00781,CogniCrypt,TP
327,BenchmarkTest00853,CogniCrypt,TP
327,BenchmarkTest00855,CogniCrypt,TP
327,BenchmarkTest00856,CogniCrypt,TP
327,BenchmarkTest00857,CogniCrypt,TP
327,BenchmarkTest00859,CogniCrypt,TP
327,BenchmarkTest00945,CogniCrypt,TP
327,BenchmarkTest00946,CogniCrypt,TP
327,BenchmarkTest01015,CogniCrypt,TP
327,BenchmarkTest01016,CogniCrypt,TP
327,BenchmarkTest01017,CogniCrypt,TP
327,BenchmarkTest01018,CogniCrypt,TP
327,BenchmarkTest01020,CogniCrypt,TP
327,BenchmarkTest01099,CogniCrypt,TP
327,BenchmarkTest01102,CogniCrypt,TP
327,BenchmarkTest01103,CogniCrypt,TP
327,BenchmarkTest01105,CogniCrypt,TP
327,BenchmarkTest01106,CogniCrypt,TP
327,BenchmarkTest01107,CogniCrypt,TP
327,BenchmarkTest01148,CogniCrypt,TP
327,BenchmarkTest01149,CogniCrypt,TP
327,BenchmarkTest01150,CogniCrypt,TP
327,BenchmarkTest01228,CogniCrypt,TP
327,BenchmarkTest01229,CogniCrypt,TP
327,BenchmarkTest01230,CogniCrypt,TP
327,BenchmarkTest01317,CogniCrypt,TP
327,BenchmarkTest01318,CogniCrypt,TP
327,BenchmarkTest01320,CogniCrypt,TP
327,BenchmarkTest01322,CogniCrypt,TP
327,BenchmarkTest01323,CogniCrypt,TP
327,BenchmarkTest01325,CogniCrypt,TP
327,BenchmarkTest01398,CogniCrypt,TP
327,BenchmarkTest01480,CogniCrypt,TP
327,BenchmarkTest01483,CogniCrypt,TP
327,BenchmarkTest01484,CogniCrypt,TP
327,BenchmarkTest01486,CogniCrypt,TP
327,BenchmarkTest01489,CogniCrypt,TP
327,BenchmarkTest01565,CogniCrypt,TP
327,BenchmarkTest01566,CogniCrypt,TP
327,BenchmarkTest01634,CogniCrypt,TP
327,BenchmarkTest01637,CogniCrypt,TP
327,BenchmarkTest01638,CogniCrypt,TP
327,BenchmarkTest01639,CogniCrypt,TP
327,BenchmarkTest01641,CogniCrypt,TP
327,BenchmarkTest01740,CogniCrypt,TP
327,BenchmarkTest01741,CogniCrypt,TP
327,BenchmarkTest01742,CogniCrypt,TP
327,BenchmarkTest01822,CogniCrypt,TP
327,BenchmarkTest01823,CogniCrypt,TP
327,BenchmarkTest01829,CogniCrypt,TP
327,BenchmarkTest01830,CogniCrypt,TP
327,BenchmarkTest01895,CogniCrypt,TP
327,BenchmarkTest01897,CogniCrypt,TP
327,BenchmarkTest01898,CogniCrypt,TP
327,BenchmarkTest01900,CogniCrypt,TP
327,BenchmarkTest01978,CogniCrypt,TP
327,BenchmarkTest01980,CogniCrypt,TP
327,BenchmarkTest01981,CogniCrypt,TP
327,BenchmarkTest02017,CogniCrypt,TP
327,BenchmarkTest02018,CogniCrypt,TP
327,BenchmarkTest02019,CogniCrypt,TP
327,BenchmarkTest02020,CogniCrypt,TP
327,BenchmarkTest02022,CogniCrypt,TP
327,BenchmarkTest02023,CogniCrypt,TP
327,BenchmarkTest02101,CogniCrypt,TP
327,BenchmarkTest02192,CogniCrypt,TP
327,BenchmarkTest02193,CogniCrypt,TP
327,BenchmarkTest02194,CogniCrypt,TP
327,BenchmarkTest02195,CogniCrypt,TP
327,BenchmarkTest02290,CogniCrypt,TP
327,BenchmarkTest02291,CogniCrypt,TP
327,BenchmarkTest02292,CogniCrypt,TP
327,BenchmarkTest02293,CogniCrypt,TP
327,BenchmarkTest02294,CogniCrypt,TP
327,BenchmarkTest02295,CogniCrypt,TP
327,BenchmarkTest02373,CogniCrypt,TP
327,BenchmarkTest02374,CogniCrypt,TP
327,BenchmarkTest02375,CogniCrypt,TP
327,BenchmarkTest02458,CogniCrypt,TP
327,BenchmarkTest02548,CogniCrypt,TP
327,BenchmarkTest02549,CogniCrypt,TP
327,BenchmarkTest02550,CogniCrypt,TP
327,BenchmarkTest02658,CogniCrypt,TP
327,BenchmarkTest02660,CogniCrypt,TP
327,BenchmarkTest02661,CogniCrypt,TP
327,BenchmarkTest02663,CogniCrypt,TP
328,BenchmarkTest00003,CogniCrypt,TP
328,BenchmarkTest00029,CogniCrypt,TP
328,BenchmarkTest00046,CogniCrypt,TP
328,BenchmarkTest00070,CogniCrypt,TP
328,BenchmarkTest00071,CogniCrypt,TP
328,BenchmarkTest00073,CogniCrypt,TP
328,BenchmarkTest00074,CogniCrypt,TP
328,BenchmarkTest00141,CogniCrypt,TP
328,BenchmarkTest00143,CogniCrypt,TP
328,BenchmarkTest00223,CogniCrypt,TP
328,BenchmarkTest00226,CogniCrypt,TP
328,BenchmarkTest00227,CogniCrypt,TP
328,BenchmarkTest00266,CogniCrypt,TP
328,BenchmarkTest00267,CogniCrypt,TP
328,BenchmarkTest00268,CogniCrypt,TP
328,BenchmarkTest00269,CogniCrypt,TP
328,BenchmarkTest00272,CogniCrypt,TP
328,BenchmarkTest00273,CogniCrypt,TP
328,BenchmarkTest00274,CogniCrypt,TP
328,BenchmarkTest00346,CogniCrypt,TP
328,BenchmarkTest00371,CogniCrypt,TP
328,BenchmarkTest00372,CogniCrypt,TP
328,BenchmarkTest00374,CogniCrypt,TP
328,BenchmarkTest00462,CogniCrypt,TP
328,BenchmarkTest00464,CogniCrypt,TP
328,BenchmarkTest00465,CogniCrypt,TP
328,BenchmarkTest00531,CogniCrypt,TP
328,BenchmarkTest00532,CogniCrypt,TP
328,BenchmarkTest00533,CogniCrypt,TP
328,BenchmarkTest00534,CogniCrypt,TP
328,BenchmarkTest00536,CogniCrypt,TP
328,BenchmarkTest00537,CogniCrypt,TP
328,BenchmarkTest00631,CogniCrypt,TP
328,BenchmarkTest00634,CogniCrypt,TP
328,BenchmarkTest00635,CogniCrypt,TP
328,BenchmarkTest00636,CogniCrypt,TP
328,BenchmarkTest00637,CogniCrypt,TP
328,BenchmarkTest00638,CogniCrypt,TP
328,BenchmarkTest00703,CogniCrypt,TP
328,BenchmarkTest00704,CogniCrypt,TP
328,BenchmarkTest00705,CogniCrypt,TP
328,BenchmarkTest00708,CogniCrypt,TP
328,BenchmarkTest00710,CogniCrypt,TP
328,BenchmarkTest00789,CogniCrypt,TP
328,BenchmarkTest00790,CogniCrypt,TP
328,BenchmarkTest00794,CogniCrypt,TP
328,BenchmarkTest00796,CogniCrypt,TP
328,BenchmarkTest00797,CogniCrypt,TP
328,BenchmarkTest00868,CogniCrypt,TP
328,BenchmarkTest00869,CogniCrypt,TP
328,BenchmarkTest00870,CogniCrypt,TP
328,BenchmarkTest00871,CogniCrypt,TP
328,BenchmarkTest00872,CogniCrypt,TP
328,BenchmarkTest00875,CogniCrypt,TP
328,BenchmarkTest00876,CogniCrypt,TP
328,BenchmarkTest00961,CogniCrypt,TP
328,BenchmarkTest00963,CogniCrypt,TP
328,BenchmarkTest01038,CogniCrypt,TP
328,BenchmarkTest01041,CogniCrypt,TP
328,BenchmarkTest01042,CogniCrypt,TP
328,BenchmarkTest01043,CogniCrypt,TP
328,BenchmarkTest01044,CogniCrypt,TP
328,BenchmarkTest01123,CogniCrypt,TP
328,BenchmarkTest01124,CogniCrypt,TP
328,BenchmarkTest01165,CogniCrypt,TP
328,BenchmarkTest01166,CogniCrypt,TP
328,BenchmarkTest01167,CogniCrypt,TP
328,BenchmarkTest01168,CogniCrypt,TP
328,BenchmarkTest01244,CogniCrypt,TP
328,BenchmarkTest01246,CogniCrypt,TP
328,BenchmarkTest01247,CogniCrypt,TP
328,BenchmarkTest01248,CogniCrypt,TP
328,BenchmarkTest01333,CogniCrypt,TP
328,BenchmarkTest01334,CogniCrypt,TP
328,BenchmarkTest01411,CogniCrypt,TP
328,BenchmarkTest01414,CogniCrypt,TP
328,BenchmarkTest01415,CogniCrypt,TP
328,BenchmarkTest01416,CogniCrypt,TP
328,BenchmarkTest01503,CogniCrypt,TP
328,BenchmarkTest01504,CogniCrypt,TP
328,BenchmarkTest01577,CogniCrypt,TP
328,BenchmarkTest01579,CogniCrypt,TP
328,BenchmarkTest01580,CogniCrypt,TP
328,BenchmarkTest01649,CogniCrypt,TP
328,BenchmarkTest01650,CogniCrypt,TP
328,BenchmarkTest01651,CogniCrypt,TP
328,BenchmarkTest01653,CogniCrypt,TP
328,BenchmarkTest01654,CogniCrypt,TP
328,BenchmarkTest01757,CogniCrypt,TP
328,BenchmarkTest01761,CogniCrypt,TP
328,BenchmarkTest01765,CogniCrypt,TP
328,BenchmarkTest01766,CogniCrypt,TP
328,BenchmarkTest01844,CogniCrypt,TP
328,BenchmarkTest01845,CogniCrypt,TP
328,BenchmarkTest01846,CogniCrypt,TP
328,BenchmarkTest01911,CogniCrypt,TP
328,BenchmarkTest01996,CogniCrypt,TP
328,BenchmarkTest01997,CogniCrypt,TP
328,BenchmarkTest02042,CogniCrypt,TP
328,BenchmarkTest02118,CogniCrypt,TP
328,BenchmarkTest02121,CogniCrypt,TP
328,BenchmarkTest02211,CogniCrypt,TP
328,BenchmarkTest02212,CogniCrypt,TP
328,BenchmarkTest02213,CogniCrypt,TP
328,BenchmarkTest02217,CogniCrypt,TP
328,BenchmarkTest02219,CogniCrypt,TP
328,BenchmarkTest02307,CogniCrypt,TP
328,BenchmarkTest02308,CogniCrypt,TP
328,BenchmarkTest02311,CogniCrypt,TP
328,BenchmarkTest02385,CogniCrypt,TP
328,BenchmarkTest02386,CogniCrypt,TP
328,BenchmarkTest02387,CogniCrypt,TP
328,BenchmarkTest02388,CogniCrypt,TP
328,BenchmarkTest02391,CogniCrypt,TP
328,BenchmarkTest02392,CogniCrypt,TP
328,BenchmarkTest02393,CogniCrypt,TP
328,BenchmarkTest02474,CogniCrypt,TP
328,BenchmarkTest02475,CogniCrypt,TP
328,BenchmarkTest02476,CogniCrypt,TP
328,BenchmarkTest02478,CogniCrypt,TP
328,BenchmarkTest02573,CogniCrypt,TP
328,BenchmarkTest02574,CogniCrypt,TP
328,BenchmarkTest02575,CogniCrypt,TP
328,BenchmarkTest02577,CogniCrypt,TP
328,BenchmarkTest02670,CogniCrypt,TP
328,BenchmarkTest02671,CogniCrypt,TP
328,BenchmarkTest02674,CogniCrypt,TP
328,BenchmarkTest02675,CogniCrypt,TP
328,BenchmarkTest02677,CogniCrypt,TP
325,BenchmarkTest00054,CogniCrypt,FP
325,BenchmarkTest00058,CogniCrypt,FP
325,BenchmarkTest00059,CogniCrypt,FP
325,BenchmarkTest00121,CogniCrypt,FP
325,BenchmarkTest00122,CogniCrypt,FP
325,BenchmarkTest00126,CogniCrypt,FP
325,BenchmarkTest00127,CogniCrypt,FP
325,BenchmarkTest00128,CogniCrypt,FP
325,BenchmarkTest00129,CogniCrypt,FP
325,BenchmarkTest00130,CogniCrypt,FP
325,BenchmarkTest00211,CogniCrypt,FP
325,BenchmarkTest00212,CogniCrypt,FP
325,BenchmarkTest00213,CogniCrypt,FP
325,BenchmarkTest00214,CogniCrypt,FP
325,BenchmarkTest00255,CogniCrypt,FP
325,BenchmarkTest00345,CogniCrypt,FP
325,BenchmarkTest00352,CogniCrypt,FP
325,BenchmarkTest00353,CogniCrypt,FP
325,BenchmarkTest00357,CogniCrypt,FP
325,BenchmarkTest00358,CogniCrypt,FP
325,BenchmarkTest00443,CogniCrypt,FP
325,BenchmarkTest00447,CogniCrypt,FP
325,BenchmarkTest00450,CogniCrypt,FP
325,BenchmarkTest00451,CogniCrypt,FP
325,BenchmarkTest00524,CogniCrypt,FP
325,BenchmarkTest00612,CogniCrypt,FP
325,BenchmarkTest00618,CogniCrypt,FP
325,BenchmarkTest00686,CogniCrypt,FP
325,BenchmarkTest00687,CogniCrypt,FP
325,BenchmarkTest00775,CogniCrypt,FP
325,BenchmarkTest00776,CogniCrypt,FP
325,BenchmarkTest00777,CogniCrypt,FP
325,BenchmarkTest00778,CogniCrypt,FP
325,BenchmarkTest00782,CogniCrypt,FP
325,BenchmarkTest00854,CogniCrypt,FP
325,BenchmarkTest00858,CogniCrypt,FP
325,BenchmarkTest00942,CogniCrypt,FP
325,BenchmarkTest00944,CogniCrypt,FP
325,BenchmarkTest01019,CogniCrypt,FP
325,BenchmarkTest01021,CogniCrypt,FP
325,BenchmarkTest01022,CogniCrypt,FP
325,BenchmarkTest01104,CogniCrypt,FP
325,BenchmarkTest01108,CogniCrypt,FP
325,BenchmarkTest01147,CogniCrypt,FP
325,BenchmarkTest01151,CogniCrypt,FP
325,BenchmarkTest01152,CogniCrypt,FP
325,BenchmarkTest01153,CogniCrypt,FP
325,BenchmarkTest01226,CogniCrypt,FP
325,BenchmarkTest01227,CogniCrypt,FP
325,BenchmarkTest01319,CogniCrypt,FP
325,BenchmarkTest01324,CogniCrypt,FP
325,BenchmarkTest01400,CogniCrypt,FP
325,BenchmarkTest01401,CogniCrypt,FP
325,BenchmarkTest01481,CogniCrypt,FP
325,BenchmarkTest01482,CogniCrypt,FP
325,BenchmarkTest01487,CogniCrypt,FP
325,BenchmarkTest01488,CogniCrypt,FP
325,BenchmarkTest01563,CogniCrypt,FP
325,BenchmarkTest01564,CogniCrypt,FP
325,BenchmarkTest01567,CogniCrypt,FP
325,BenchmarkTest01635,CogniCrypt,FP
325,BenchmarkTest01636,CogniCrypt,FP
325,BenchmarkTest01640,CogniCrypt,FP
325,BenchmarkTest01737,CogniCrypt,FP
325,BenchmarkTest01824,CogniCrypt,FP
325,BenchmarkTest01825,CogniCrypt,FP
325,BenchmarkTest01826,CogniCrypt,FP
325,BenchmarkTest01827,CogniCrypt,FP
325,BenchmarkTest01899,CogniCrypt,FP
325,BenchmarkTest01901,CogniCrypt,FP
325,BenchmarkTest01975,CogniCrypt,FP
325,BenchmarkTest01976,CogniCrypt,FP
325,BenchmarkTest01977,CogniCrypt,FP
325,BenchmarkTest01979,CogniCrypt,FP
325,BenchmarkTest01982,CogniCrypt,FP
325,BenchmarkTest02021,CogniCrypt,FP
325,BenchmarkTest02024,CogniCrypt,FP
325,BenchmarkTest02103,CogniCrypt,FP
325,BenchmarkTest02190,CogniCrypt,FP
325,BenchmarkTest02191,CogniCrypt,FP
325,BenchmarkTest02289,CogniCrypt,FP
325,BenchmarkTest02296,CogniCrypt,FP
325,BenchmarkTest02297,CogniCrypt,FP
325,BenchmarkTest02298,CogniCrypt,FP
325,BenchmarkTest02371,CogniCrypt,FP
325,BenchmarkTest02459,CogniCrypt,FP
325,BenchmarkTest02460,CogniCrypt,FP
325,BenchmarkTest02461,CogniCrypt,FP
325,BenchmarkTest02547,CogniCrypt,FP
325,BenchmarkTest02551,CogniCrypt,FP
325,BenchmarkTest02552,CogniCrypt,FP
325,BenchmarkTest02659,CogniCrypt,FP
325,BenchmarkTest02662,CogniCrypt,FP
325,Utils,CogniCrypt,FP
325,BenchmarkTest00009,CogniCrypt,FP
325,BenchmarkTest00022,CogniCrypt,FP
325,BenchmarkTest00069,CogniCrypt,FP
325,BenchmarkTest00072,CogniCrypt,FP
325,BenchmarkTest00075,CogniCrypt,FP
325,BenchmarkTest00076,CogniCrypt,FP
325,BenchmarkTest00142,CogniCrypt,FP
325,BenchmarkTest00224,CogniCrypt,FP
325,BenchmarkTest00225,CogniCrypt,FP
325,BenchmarkTest00228,CogniCrypt,FP
325,BenchmarkTest00229,CogniCrypt,FP
325,BenchmarkTest00270,CogniCrypt,FP
325,BenchmarkTest00271,CogniCrypt,FP
325,BenchmarkTest00370,CogniCrypt,FP
325,BenchmarkTest00373,CogniCrypt,FP
325,BenchmarkTest00463,CogniCrypt,FP
325,BenchmarkTest00466,CogniCrypt,FP
325,BenchmarkTest00535,CogniCrypt,FP
325,BenchmarkTest00538,CogniCrypt,FP
325,BenchmarkTest00539,CogniCrypt,FP
325,BenchmarkTest00540,CogniCrypt,FP
325,BenchmarkTest00632,CogniCrypt,FP
325,BenchmarkTest00633,CogniCrypt,FP
325,BenchmarkTest00639,CogniCrypt,FP
325,BenchmarkTest00640,CogniCrypt,FP
325,BenchmarkTest00641,CogniCrypt,FP
325,BenchmarkTest00706,CogniCrypt,FP
325,BenchmarkTest00707,CogniCrypt,FP
325,BenchmarkTest00709,CogniCrypt,FP
325,BenchmarkTest00791,CogniCrypt,FP
325,BenchmarkTest00792,CogniCrypt,FP
325,BenchmarkTest00793,CogniCrypt,FP
325,BenchmarkTest00795,CogniCrypt,FP
325,BenchmarkTest00798,CogniCrypt,FP
325,BenchmarkTest00873,CogniCrypt,FP
325,BenchmarkTest00874,CogniCrypt,FP
325,BenchmarkTest00877,CogniCrypt,FP
325,BenchmarkTest00878,CogniCrypt,FP
325,BenchmarkTest00962,CogniCrypt,FP
325,BenchmarkTest00964,CogniCrypt,FP
325,BenchmarkTest00965,CogniCrypt,FP
325,BenchmarkTest00966,CogniCrypt,FP
325,BenchmarkTest00967,CogniCrypt,FP
325,BenchmarkTest01037,CogniCrypt,FP
325,BenchmarkTest01039,CogniCrypt,FP
325,BenchmarkTest01040,CogniCrypt,FP
325,BenchmarkTest01045,CogniCrypt,FP
325,BenchmarkTest01120,CogniCrypt,FP
325,BenchmarkTest01121,CogniCrypt,FP
325,BenchmarkTest01122,CogniCrypt,FP
325,BenchmarkTest01125,CogniCrypt,FP
325,BenchmarkTest01126,CogniCrypt,FP
325,BenchmarkTest01164,CogniCrypt,FP
325,BenchmarkTest01169,CogniCrypt,FP
325,BenchmarkTest01170,CogniCrypt,FP
325,BenchmarkTest01245,CogniCrypt,FP
325,BenchmarkTest01249,CogniCrypt,FP
325,BenchmarkTest01250,CogniCrypt,FP
325,BenchmarkTest01332,CogniCrypt,FP
325,BenchmarkTest01410,CogniCrypt,FP
325,BenchmarkTest01412,CogniCrypt,FP
325,BenchmarkTest01413,CogniCrypt,FP
325,BenchmarkTest01576,CogniCrypt,FP
325,BenchmarkTest01578,CogniCrypt,FP
325,BenchmarkTest01581,CogniCrypt,FP
325,BenchmarkTest01582,CogniCrypt,FP
325,BenchmarkTest01652,CogniCrypt,FP
325,BenchmarkTest01655,CogniCrypt,FP
325,BenchmarkTest01656,CogniCrypt,FP
325,BenchmarkTest01758,CogniCrypt,FP
325,BenchmarkTest01759,CogniCrypt,FP
325,BenchmarkTest01760,CogniCrypt,FP
325,BenchmarkTest01762,CogniCrypt,FP
325,BenchmarkTest01763,CogniCrypt,FP
325,BenchmarkTest01764,CogniCrypt,FP
325,BenchmarkTest01847,CogniCrypt,FP
325,BenchmarkTest01848,CogniCrypt,FP
325,BenchmarkTest01849,CogniCrypt,FP
325,BenchmarkTest01912,CogniCrypt,FP
325,BenchmarkTest01913,CogniCrypt,FP
325,BenchmarkTest01993,CogniCrypt,FP
325,BenchmarkTest01994,CogniCrypt,FP
325,BenchmarkTest01995,CogniCrypt,FP
325,BenchmarkTest01998,CogniCrypt,FP
325,BenchmarkTest02041,CogniCrypt,FP
325,BenchmarkTest02043,CogniCrypt,FP
325,BenchmarkTest02044,CogniCrypt,FP
325,BenchmarkTest02119,CogniCrypt,FP
325,BenchmarkTest02120,CogniCrypt,FP
325,BenchmarkTest02210,CogniCrypt,FP
325,BenchmarkTest02214,CogniCrypt,FP
325,BenchmarkTest02215,CogniCrypt,FP
325,BenchmarkTest02216,CogniCrypt,FP
325,BenchmarkTest02218,CogniCrypt,FP
325,BenchmarkTest02220,CogniCrypt,FP
325,BenchmarkTest02309,CogniCrypt,FP
325,BenchmarkTest02310,CogniCrypt,FP
325,BenchmarkTest02312,CogniCrypt,FP
325,BenchmarkTest02389,CogniCrypt,FP
325,BenchmarkTest02390,CogniCrypt,FP
325,BenchmarkTest02477,CogniCrypt,FP
325,BenchmarkTest02479,CogniCrypt,FP
325,BenchmarkTest02576,CogniCrypt,FP
325,BenchmarkTest02672,CogniCrypt,FP
325,BenchmarkTest02673,CogniCrypt,FP
325,BenchmarkTest02676,CogniCrypt,FP
325,BenchmarkTest02678,CogniCrypt,FP
327,BenchmarkTest00005,CryptoGuard,TP
327,BenchmarkTest00019,CryptoGuard,TP
327,BenchmarkTest00020,CryptoGuard,TP
327,BenchmarkTest00035,CryptoGuard,TP
327,BenchmarkTest00050,CryptoGuard,TP
327,BenchmarkTest00053,CryptoGuard,TP
327,BenchmarkTest00055,CryptoGuard,TP
327,BenchmarkTest00056,CryptoGuard,TP
327,BenchmarkTest00057,CryptoGuard,TP
327,BenchmarkTest00119,CryptoGuard,TP
327,BenchmarkTest00120,CryptoGuard,TP
327,BenchmarkTest00123,CryptoGuard,TP
327,BenchmarkTest00124,CryptoGuard,TP
327,BenchmarkTest00125,CryptoGuard,TP
327,BenchmarkTest00208,CryptoGuard,TP
327,BenchmarkTest00210,CryptoGuard,TP
327,BenchmarkTest00254,CryptoGuard,TP
327,BenchmarkTest00256,CryptoGuard,TP
327,BenchmarkTest00257,CryptoGuard,TP
327,BenchmarkTest00258,CryptoGuard,TP
327,BenchmarkTest00354,CryptoGuard,TP
327,BenchmarkTest00355,CryptoGuard,TP
327,BenchmarkTest00356,CryptoGuard,TP
327,BenchmarkTest00445,CryptoGuard,TP
327,BenchmarkTest00446,CryptoGuard,TP
327,BenchmarkTest00448,CryptoGuard,TP
327,BenchmarkTest00449,CryptoGuard,TP
327,BenchmarkTest00521,CryptoGuard,TP
327,BenchmarkTest00522,CryptoGuard,TP
327,BenchmarkTest00608,CryptoGuard,TP
327,BenchmarkTest00609,CryptoGuard,TP
327,BenchmarkTest00610,CryptoGuard,TP
327,BenchmarkTest00611,CryptoGuard,TP
327,BenchmarkTest00614,CryptoGuard,TP
327,BenchmarkTest00615,CryptoGuard,TP
327,BenchmarkTest00616,CryptoGuard,TP
327,BenchmarkTest00617,CryptoGuard,TP
327,BenchmarkTest00684,CryptoGuard,TP
327,BenchmarkTest00685,CryptoGuard,TP
327,BenchmarkTest00688,CryptoGuard,TP
327,BenchmarkTest00691,CryptoGuard,TP
327,BenchmarkTest00692,CryptoGuard,TP
327,BenchmarkTest00693,CryptoGuard,TP
327,BenchmarkTest00779,CryptoGuard,TP
327,BenchmarkTest00781,CryptoGuard,TP
327,BenchmarkTest00853,CryptoGuard,TP
327,BenchmarkTest00855,CryptoGuard,TP
327,BenchmarkTest00856,CryptoGuard,TP
327,BenchmarkTest00857,CryptoGuard,TP
327,BenchmarkTest00859,CryptoGuard,TP
327,BenchmarkTest00945,CryptoGuard,TP
327,BenchmarkTest00946,CryptoGuard,TP
327,BenchmarkTest01015,CryptoGuard,TP
327,BenchmarkTest01016,CryptoGuard,TP
327,BenchmarkTest01017,CryptoGuard,TP
327,BenchmarkTest01018,CryptoGuard,TP
327,BenchmarkTest01020,CryptoGuard,TP
327,BenchmarkTest01099,CryptoGuard,TP
327,BenchmarkTest01102,CryptoGuard,TP
327,BenchmarkTest01103,CryptoGuard,TP
327,BenchmarkTest01105,CryptoGuard,TP
327,BenchmarkTest01106,CryptoGuard,TP
327,BenchmarkTest01107,CryptoGuard,TP
327,BenchmarkTest01148,CryptoGuard,TP
327,BenchmarkTest01149,CryptoGuard,TP
327,BenchmarkTest01150,CryptoGuard,TP
327,BenchmarkTest01228,CryptoGuard,TP
327,BenchmarkTest01229,CryptoGuard,TP
327,BenchmarkTest01230,CryptoGuard,TP
327,BenchmarkTest01317,CryptoGuard,TP
327,BenchmarkTest01318,CryptoGuard,TP
327,BenchmarkTest01320,CryptoGuard,TP
327,BenchmarkTest01322,CryptoGuard,TP
327,BenchmarkTest01323,CryptoGuard,TP
327,BenchmarkTest01325,CryptoGuard,TP
327,BenchmarkTest01398,CryptoGuard,TP
327,BenchmarkTest01480,CryptoGuard,TP
327,BenchmarkTest01483,CryptoGuard,TP
327,BenchmarkTest01484,CryptoGuard,TP
327,BenchmarkTest01486,CryptoGuard,TP
327,BenchmarkTest01489,CryptoGuard,TP
327,BenchmarkTest01565,CryptoGuard,TP
327,BenchmarkTest01566,CryptoGuard,TP
327,BenchmarkTest01634,CryptoGuard,TP
327,BenchmarkTest01637,CryptoGuard,TP
327,BenchmarkTest01638,CryptoGuard,TP
327,BenchmarkTest01639,CryptoGuard,TP
327,BenchmarkTest01641,CryptoGuard,TP
327,BenchmarkTest01740,CryptoGuard,TP
327,BenchmarkTest01741,CryptoGuard,TP
327,BenchmarkTest01742,CryptoGuard,TP
327,BenchmarkTest01822,CryptoGuard,TP
327,BenchmarkTest01823,CryptoGuard,TP
327,BenchmarkTest01829,CryptoGuard,TP
327,BenchmarkTest01830,CryptoGuard,TP
327,BenchmarkTest01895,CryptoGuard,TP
327,BenchmarkTest01897,CryptoGuard,TP
327,BenchmarkTest01898,CryptoGuard,TP
327,BenchmarkTest01900,CryptoGuard,TP
327,BenchmarkTest01978,CryptoGuard,TP
327,BenchmarkTest01980,CryptoGuard,TP
327,BenchmarkTest01981,CryptoGuard,TP
327,BenchmarkTest02017,CryptoGuard,TP
327,BenchmarkTest02018,CryptoGuard,TP
327,BenchmarkTest02019,CryptoGuard,TP
327,BenchmarkTest02020,CryptoGuard,TP
327,BenchmarkTest02022,CryptoGuard,TP
327,BenchmarkTest02023,CryptoGuard,TP
327,BenchmarkTest02101,CryptoGuard,TP
327,BenchmarkTest02192,CryptoGuard,TP
327,BenchmarkTest02193,CryptoGuard,TP
327,BenchmarkTest02194,CryptoGuard,TP
327,BenchmarkTest02195,CryptoGuard,TP
327,BenchmarkTest02290,CryptoGuard,TP
327,BenchmarkTest02291,CryptoGuard,TP
327,BenchmarkTest02292,CryptoGuard,TP
327,BenchmarkTest02293,CryptoGuard,TP
327,BenchmarkTest02294,CryptoGuard,TP
327,BenchmarkTest02295,CryptoGuard,TP
327,BenchmarkTest02373,CryptoGuard,TP
327,BenchmarkTest02374,CryptoGuard,TP
327,BenchmarkTest02375,CryptoGuard,TP
327,BenchmarkTest02458,CryptoGuard,TP
327,BenchmarkTest02548,CryptoGuard,TP
327,BenchmarkTest02549,CryptoGuard,TP
327,BenchmarkTest02550,CryptoGuard,TP
327,BenchmarkTest02658,CryptoGuard,TP
327,BenchmarkTest02660,CryptoGuard,TP
327,BenchmarkTest02661,CryptoGuard,TP
327,BenchmarkTest02663,CryptoGuard,TP
328,BenchmarkTest00046,CryptoGuard,TP
328,BenchmarkTest00070,CryptoGuard,TP
328,BenchmarkTest00071,CryptoGuard,TP
328,BenchmarkTest00073,CryptoGuard,TP
328,BenchmarkTest00141,CryptoGuard,TP
328,BenchmarkTest00223,CryptoGuard,TP
328,BenchmarkTest00266,CryptoGuard,TP
328,BenchmarkTest00267,CryptoGuard,TP
328,BenchmarkTest00268,CryptoGuard,TP
328,BenchmarkTest00269,CryptoGuard,TP
328,BenchmarkTest00272,CryptoGuard,TP
328,BenchmarkTest00346,CryptoGuard,TP
328,BenchmarkTest00371,CryptoGuard,TP
328,BenchmarkTest00372,CryptoGuard,TP
328,BenchmarkTest00462,CryptoGuard,TP
328,BenchmarkTest00464,CryptoGuard,TP
328,BenchmarkTest00465,CryptoGuard,TP
328,BenchmarkTest00531,CryptoGuard,TP
328,BenchmarkTest00532,CryptoGuard,TP
328,BenchmarkTest00533,CryptoGuard,TP
328,BenchmarkTest00534,CryptoGuard,TP
328,BenchmarkTest00536,CryptoGuard,TP
328,BenchmarkTest00537,CryptoGuard,TP
328,BenchmarkTest00631,CryptoGuard,TP
328,BenchmarkTest00634,CryptoGuard,TP
328,BenchmarkTest00635,CryptoGuard,TP
328,BenchmarkTest00636,CryptoGuard,TP
328,BenchmarkTest00637,CryptoGuard,TP
328,BenchmarkTest00703,CryptoGuard,TP
328,BenchmarkTest00704,CryptoGuard,TP
328,BenchmarkTest00705,CryptoGuard,TP
328,BenchmarkTest00708,CryptoGuard,TP
328,BenchmarkTest00789,CryptoGuard,TP
328,BenchmarkTest00790,CryptoGuard,TP
328,BenchmarkTest00794,CryptoGuard,TP
328,BenchmarkTest00868,CryptoGuard,TP
328,BenchmarkTest00869,CryptoGuard,TP
328,BenchmarkTest00870,CryptoGuard,TP
328,BenchmarkTest00871,CryptoGuard,TP
328,BenchmarkTest00872,CryptoGuard,TP
328,BenchmarkTest00961,CryptoGuard,TP
328,BenchmarkTest00963,CryptoGuard,TP
328,BenchmarkTest01038,CryptoGuard,TP
328,BenchmarkTest01123,CryptoGuard,TP
328,BenchmarkTest01165,CryptoGuard,TP
328,BenchmarkTest01166,CryptoGuard,TP
328,BenchmarkTest01167,CryptoGuard,TP
328,BenchmarkTest01244,CryptoGuard,TP
328,BenchmarkTest01246,CryptoGuard,TP
328,BenchmarkTest01247,CryptoGuard,TP
328,BenchmarkTest01333,CryptoGuard,TP
328,BenchmarkTest01334,CryptoGuard,TP
328,BenchmarkTest01411,CryptoGuard,TP
328,BenchmarkTest01503,CryptoGuard,TP
328,BenchmarkTest01504,CryptoGuard,TP
328,BenchmarkTest01577,CryptoGuard,TP
328,BenchmarkTest01649,CryptoGuard,TP
328,BenchmarkTest01650,CryptoGuard,TP
328,BenchmarkTest01651,CryptoGuard,TP
328,BenchmarkTest01653,CryptoGuard,TP
328,BenchmarkTest01757,CryptoGuard,TP
328,BenchmarkTest01761,CryptoGuard,TP
328,BenchmarkTest01844,CryptoGuard,TP
328,BenchmarkTest01845,CryptoGuard,TP
328,BenchmarkTest01846,CryptoGuard,TP
328,BenchmarkTest01911,CryptoGuard,TP
328,BenchmarkTest02042,CryptoGuard,TP
328,BenchmarkTest02118,CryptoGuard,TP
328,BenchmarkTest02211,CryptoGuard,TP
328,BenchmarkTest02212,CryptoGuard,TP
328,BenchmarkTest02213,CryptoGuard,TP
328,BenchmarkTest02217,CryptoGuard,TP
328,BenchmarkTest02307,CryptoGuard,TP
328,BenchmarkTest02308,CryptoGuard,TP
328,BenchmarkTest02311,CryptoGuard,TP
328,BenchmarkTest02385,CryptoGuard,TP
328,BenchmarkTest02386,CryptoGuard,TP
328,BenchmarkTest02387,CryptoGuard,TP
328,BenchmarkTest02388,CryptoGuard,TP
328,BenchmarkTest02474,CryptoGuard,TP
328,BenchmarkTest02475,CryptoGuard,TP
328,BenchmarkTest02476,CryptoGuard,TP
328,BenchmarkTest02573,CryptoGuard,TP
328,BenchmarkTest02574,CryptoGuard,TP
328,BenchmarkTest02575,CryptoGuard,TP
328,BenchmarkTest02670,CryptoGuard,TP
328,BenchmarkTest02671,CryptoGuard,TP
328,BenchmarkTest02674,CryptoGuard,TP
328,BenchmarkTest02675,CryptoGuard,TP
327,BenchmarkTest00059,CryptoGuard,FP
327,BenchmarkTest00127,CryptoGuard,FP
327,BenchmarkTest00128,CryptoGuard,FP
327,BenchmarkTest00129,CryptoGuard,FP
327,BenchmarkTest00130,CryptoGuard,FP
327,BenchmarkTest00213,CryptoGuard,FP
327,BenchmarkTest00214,CryptoGuard,FP
327,BenchmarkTest00357,CryptoGuard,FP
327,BenchmarkTest00358,CryptoGuard,FP
327,BenchmarkTest00450,CryptoGuard,FP
327,BenchmarkTest00451,CryptoGuard,FP
327,BenchmarkTest00524,CryptoGuard,FP
327,BenchmarkTest00618,CryptoGuard,FP
327,BenchmarkTest01021,CryptoGuard,FP
327,BenchmarkTest01022,CryptoGuard,FP
327,BenchmarkTest01108,CryptoGuard,FP
327,BenchmarkTest01153,CryptoGuard,FP
327,BenchmarkTest01401,CryptoGuard,FP
327,BenchmarkTest01567,CryptoGuard,FP
327,BenchmarkTest01901,CryptoGuard,FP
327,BenchmarkTest01982,CryptoGuard,FP
327,BenchmarkTest02024,CryptoGuard,FP
327,BenchmarkTest02103,CryptoGuard,FP
327,BenchmarkTest02296,CryptoGuard,FP
327,BenchmarkTest02297,CryptoGuard,FP
327,BenchmarkTest02298,CryptoGuard,FP
327,BenchmarkTest02552,CryptoGuard,FP
328,BenchmarkTest00003,CryptoGuard,FN
328,BenchmarkTest00029,CryptoGuard,FN
328,BenchmarkTest00074,CryptoGuard,FN
328,BenchmarkTest00143,CryptoGuard,FN
328,BenchmarkTest00226,CryptoGuard,FN
328,BenchmarkTest00227,CryptoGuard,FN
328,BenchmarkTest00273,CryptoGuard,FN
328,BenchmarkTest00274,CryptoGuard,FN
328,BenchmarkTest00374,CryptoGuard,FN
328,BenchmarkTest00638,CryptoGuard,FN
328,BenchmarkTest00710,CryptoGuard,FN
328,BenchmarkTest00796,CryptoGuard,FN
328,BenchmarkTest00797,CryptoGuard,FN
328,BenchmarkTest00875,CryptoGuard,FN
328,BenchmarkTest00876,CryptoGuard,FN
328,BenchmarkTest01041,CryptoGuard,FN
328,BenchmarkTest01042,CryptoGuard,FN
328,BenchmarkTest01043,CryptoGuard,FN
328,BenchmarkTest01044,CryptoGuard,FN
328,BenchmarkTest01124,CryptoGuard,FN
328,BenchmarkTest01168,CryptoGuard,FN
328,BenchmarkTest01248,CryptoGuard,FN
328,BenchmarkTest01414,CryptoGuard,FN
328,BenchmarkTest01415,CryptoGuard,FN
328,BenchmarkTest01416,CryptoGuard,FN
328,BenchmarkTest01579,CryptoGuard,FN
328,BenchmarkTest01580,CryptoGuard,FN
328,BenchmarkTest01654,CryptoGuard,FN
328,BenchmarkTest01765,CryptoGuard,FN
328,BenchmarkTest01766,CryptoGuard,FN
328,BenchmarkTest01996,CryptoGuard,FN
328,BenchmarkTest01997,CryptoGuard,FN
328,BenchmarkTest02121,CryptoGuard,FN
328,BenchmarkTest02219,CryptoGuard,FN
328,BenchmarkTest02391,CryptoGuard,FN
328,BenchmarkTest02392,CryptoGuard,FN
328,BenchmarkTest02393,CryptoGuard,FN
328,BenchmarkTest02478,CryptoGuard,FN
328,BenchmarkTest02577,CryptoGuard,FN
328,BenchmarkTest02677,CryptoGuard,FN
327,BenchmarkTest00005,CryLogger,TP
327,BenchmarkTest00019,CryLogger,TP
327,BenchmarkTest00019,CryLogger,TP
327,BenchmarkTest00020,CryLogger,TP
327,BenchmarkTest00035,CryLogger,TP
327,BenchmarkTest00050,CryLogger,TP
327,BenchmarkTest00053,CryLogger,TP
327,BenchmarkTest00055,CryLogger,TP
327,BenchmarkTest00056,CryLogger,TP
327,BenchmarkTest00057,CryLogger,TP
327,BenchmarkTest00119,CryLogger,TP
327,BenchmarkTest00120,CryLogger,TP
327,BenchmarkTest00123,CryLogger,TP
327,BenchmarkTest00124,CryLogger,TP
327,BenchmarkTest00125,CryLogger,TP
327,BenchmarkTest00208,CryLogger,TP
327,BenchmarkTest00210,CryLogger,TP
327,BenchmarkTest00254,CryLogger,TP
327,BenchmarkTest00256,CryLogger,TP
327,BenchmarkTest00257,CryLogger,TP
327,BenchmarkTest00258,CryLogger,TP
327,BenchmarkTest00354,CryLogger,TP
327,BenchmarkTest00355,CryLogger,TP
327,BenchmarkTest00356,CryLogger,TP
327,BenchmarkTest00445,CryLogger,TP
327,BenchmarkTest00446,CryLogger,TP
327,BenchmarkTest00448,CryLogger,TP
327,BenchmarkTest00448,CryLogger,TP
327,BenchmarkTest00449,CryLogger,TP
327,BenchmarkTest00521,CryLogger,TP
327,BenchmarkTest00522,CryLogger,TP
327,BenchmarkTest00608,CryLogger,TP
327,BenchmarkTest00609,CryLogger,TP
327,BenchmarkTest00609,CryLogger,TP
327,BenchmarkTest00610,CryLogger,TP
327,BenchmarkTest00611,CryLogger,TP
327,BenchmarkTest00614,CryLogger,TP
327,BenchmarkTest00614,CryLogger,TP
327,BenchmarkTest00615,CryLogger,TP
327,BenchmarkTest00616,CryLogger,TP
327,BenchmarkTest00617,CryLogger,TP
327,BenchmarkTest00617,CryLogger,TP
327,BenchmarkTest00684,CryLogger,TP
327,BenchmarkTest00684,CryLogger,TP
327,BenchmarkTest00685,CryLogger,TP
327,BenchmarkTest00688,CryLogger,TP
327,BenchmarkTest00691,CryLogger,TP
327,BenchmarkTest00692,CryLogger,TP
327,BenchmarkTest00693,CryLogger,TP
327,BenchmarkTest00779,CryLogger,TP
327,BenchmarkTest00779,CryLogger,TP
327,BenchmarkTest00781,CryLogger,TP
327,BenchmarkTest00781,CryLogger,TP
327,BenchmarkTest00853,CryLogger,TP
327,BenchmarkTest00855,CryLogger,TP
327,BenchmarkTest00856,CryLogger,TP
327,BenchmarkTest00857,CryLogger,TP
327,BenchmarkTest00857,CryLogger,TP
327,BenchmarkTest00859,CryLogger,TP
327,BenchmarkTest00945,CryLogger,TP
327,BenchmarkTest00946,CryLogger,TP
327,BenchmarkTest01015,CryLogger,TP
327,BenchmarkTest01016,CryLogger,TP
327,BenchmarkTest01017,CryLogger,TP
327,BenchmarkTest01018,CryLogger,TP
327,BenchmarkTest01020,CryLogger,TP
327,BenchmarkTest01099,CryLogger,TP
327,BenchmarkTest01102,CryLogger,TP
327,BenchmarkTest01103,CryLogger,TP
327,BenchmarkTest01105,CryLogger,TP
327,BenchmarkTest01106,CryLogger,TP
327,BenchmarkTest01107,CryLogger,TP
327,BenchmarkTest01107,CryLogger,TP
327,BenchmarkTest01148,CryLogger,TP
327,BenchmarkTest01149,CryLogger,TP
327,BenchmarkTest01150,CryLogger,TP
327,BenchmarkTest01228,CryLogger,TP
327,BenchmarkTest01228,CryLogger,TP
327,BenchmarkTest01229,CryLogger,TP
327,BenchmarkTest01230,CryLogger,TP
327,BenchmarkTest01230,CryLogger,TP
327,BenchmarkTest01317,CryLogger,TP
327,BenchmarkTest01318,CryLogger,TP
327,BenchmarkTest01318,CryLogger,TP
327,BenchmarkTest01320,CryLogger,TP
327,BenchmarkTest01322,CryLogger,TP
327,BenchmarkTest01323,CryLogger,TP
327,BenchmarkTest01323,CryLogger,TP
327,BenchmarkTest01325,CryLogger,TP
327,BenchmarkTest01398,CryLogger,TP
327,BenchmarkTest01480,CryLogger,TP
327,BenchmarkTest01483,CryLogger,TP
327,BenchmarkTest01484,CryLogger,TP
327,BenchmarkTest01486,CryLogger,TP
327,BenchmarkTest01486,CryLogger,TP
327,BenchmarkTest01489,CryLogger,TP
327,BenchmarkTest01565,CryLogger,TP
327,BenchmarkTest01566,CryLogger,TP
327,BenchmarkTest01566,CryLogger,TP
327,BenchmarkTest01634,CryLogger,TP
327,BenchmarkTest01634,CryLogger,TP
327,BenchmarkTest01637,CryLogger,TP
327,BenchmarkTest01637,CryLogger,TP
327,BenchmarkTest01638,CryLogger,TP
327,BenchmarkTest01638,CryLogger,TP
327,BenchmarkTest01639,CryLogger,TP
327,BenchmarkTest01639,CryLogger,TP
327,BenchmarkTest01641,CryLogger,TP
327,BenchmarkTest01641,CryLogger,TP
327,BenchmarkTest01740,CryLogger,TP
327,BenchmarkTest01741,CryLogger,TP
327,BenchmarkTest01741,CryLogger,TP
327,BenchmarkTest01742,CryLogger,TP
327,BenchmarkTest01822,CryLogger,TP
327,BenchmarkTest01823,CryLogger,TP
327,BenchmarkTest01829,CryLogger,TP
327,BenchmarkTest01830,CryLogger,TP
327,BenchmarkTest01830,CryLogger,TP
327,BenchmarkTest01895,CryLogger,TP
327,BenchmarkTest01897,CryLogger,TP
327,BenchmarkTest01898,CryLogger,TP
327,BenchmarkTest01900,CryLogger,TP
327,BenchmarkTest01900,CryLogger,TP
327,BenchmarkTest01978,CryLogger,TP
327,BenchmarkTest01980,CryLogger,TP
327,BenchmarkTest01980,CryLogger,TP
327,BenchmarkTest01981,CryLogger,TP
327,BenchmarkTest02017,CryLogger,TP
327,BenchmarkTest02018,CryLogger,TP
327,BenchmarkTest02019,CryLogger,TP
327,BenchmarkTest02020,CryLogger,TP
327,BenchmarkTest02022,CryLogger,TP
327,BenchmarkTest02023,CryLogger,TP
327,BenchmarkTest02101,CryLogger,TP
327,BenchmarkTest02192,CryLogger,TP
327,BenchmarkTest02193,CryLogger,TP
327,BenchmarkTest02193,CryLogger,TP
327,BenchmarkTest02194,CryLogger,TP
327,BenchmarkTest02195,CryLogger,TP
327,BenchmarkTest02290,CryLogger,TP
327,BenchmarkTest02291,CryLogger,TP
327,BenchmarkTest02292,CryLogger,TP
327,BenchmarkTest02293,CryLogger,TP
327,BenchmarkTest02294,CryLogger,TP
327,BenchmarkTest02295,CryLogger,TP
327,BenchmarkTest02373,CryLogger,TP
327,BenchmarkTest02374,CryLogger,TP
327,BenchmarkTest02375,CryLogger,TP
327,BenchmarkTest02458,CryLogger,TP
327,BenchmarkTest02548,CryLogger,TP
327,BenchmarkTest02548,CryLogger,TP
327,BenchmarkTest02549,CryLogger,TP
327,BenchmarkTest02549,CryLogger,TP
327,BenchmarkTest02550,CryLogger,TP
327,BenchmarkTest02550,CryLogger,TP
327,BenchmarkTest02658,CryLogger,TP
327,BenchmarkTest02660,CryLogger,TP
327,BenchmarkTest02661,CryLogger,TP
327,BenchmarkTest02663,CryLogger,TP
328,BenchmarkTest00003,CryLogger,TP
328,BenchmarkTest00029,CryLogger,TP
328,BenchmarkTest00046,CryLogger,TP
328,BenchmarkTest00046,CryLogger,TP
328,BenchmarkTest00070,CryLogger,TP
328,BenchmarkTest00071,CryLogger,TP
328,BenchmarkTest00073,CryLogger,TP
328,BenchmarkTest00074,CryLogger,TP
328,BenchmarkTest00141,CryLogger,TP
328,BenchmarkTest00143,CryLogger,TP
328,BenchmarkTest00223,CryLogger,TP
328,BenchmarkTest00226,CryLogger,TP
328,BenchmarkTest00227,CryLogger,TP
328,BenchmarkTest00266,CryLogger,TP
328,BenchmarkTest00267,CryLogger,TP
328,BenchmarkTest00268,CryLogger,TP
328,BenchmarkTest00269,CryLogger,TP
328,BenchmarkTest00272,CryLogger,TP
328,BenchmarkTest00273,CryLogger,TP
328,BenchmarkTest00274,CryLogger,TP
328,BenchmarkTest00346,CryLogger,TP
328,BenchmarkTest00371,CryLogger,TP
328,BenchmarkTest00372,CryLogger,TP
328,BenchmarkTest00372,CryLogger,TP
328,BenchmarkTest00374,CryLogger,TP
328,BenchmarkTest00462,CryLogger,TP
328,BenchmarkTest00462,CryLogger,TP
328,BenchmarkTest00464,CryLogger,TP
328,BenchmarkTest00465,CryLogger,TP
328,BenchmarkTest00531,CryLogger,TP
328,BenchmarkTest00532,CryLogger,TP
328,BenchmarkTest00533,CryLogger,TP
328,BenchmarkTest00534,CryLogger,TP
328,BenchmarkTest00536,CryLogger,TP
328,BenchmarkTest00537,CryLogger,TP
328,BenchmarkTest00631,CryLogger,TP
328,BenchmarkTest00634,CryLogger,TP
328,BenchmarkTest00634,CryLogger,TP
328,BenchmarkTest00635,CryLogger,TP
328,BenchmarkTest00636,CryLogger,TP
328,BenchmarkTest00637,CryLogger,TP
328,BenchmarkTest00638,CryLogger,TP
328,BenchmarkTest00703,CryLogger,TP
328,BenchmarkTest00704,CryLogger,TP
328,BenchmarkTest00704,CryLogger,TP
328,BenchmarkTest00705,CryLogger,TP
328,BenchmarkTest00708,CryLogger,TP
328,BenchmarkTest00710,CryLogger,TP
328,BenchmarkTest00789,CryLogger,TP
328,BenchmarkTest00789,CryLogger,TP
328,BenchmarkTest00790,CryLogger,TP
328,BenchmarkTest00790,CryLogger,TP
328,BenchmarkTest00794,CryLogger,TP
328,BenchmarkTest00794,CryLogger,TP
328,BenchmarkTest00796,CryLogger,TP
328,BenchmarkTest00796,CryLogger,TP
328,BenchmarkTest00797,CryLogger,TP
328,BenchmarkTest00797,CryLogger,TP
328,BenchmarkTest00868,CryLogger,TP
328,BenchmarkTest00869,CryLogger,TP
328,BenchmarkTest00870,CryLogger,TP
328,BenchmarkTest00871,CryLogger,TP
328,BenchmarkTest00872,CryLogger,TP
328,BenchmarkTest00872,CryLogger,TP
328,BenchmarkTest00875,CryLogger,TP
328,BenchmarkTest00876,CryLogger,TP
328,BenchmarkTest00961,CryLogger,TP
328,BenchmarkTest00963,CryLogger,TP
328,BenchmarkTest01038,CryLogger,TP
328,BenchmarkTest01041,CryLogger,TP
328,BenchmarkTest01042,CryLogger,TP
328,BenchmarkTest01043,CryLogger,TP
328,BenchmarkTest01044,CryLogger,TP
328,BenchmarkTest01123,CryLogger,TP
328,BenchmarkTest01124,CryLogger,TP
328,BenchmarkTest01165,CryLogger,TP
328,BenchmarkTest01166,CryLogger,TP
328,BenchmarkTest01167,CryLogger,TP
328,BenchmarkTest01168,CryLogger,TP
328,BenchmarkTest01244,CryLogger,TP
328,BenchmarkTest01246,CryLogger,TP
328,BenchmarkTest01247,CryLogger,TP
328,BenchmarkTest01248,CryLogger,TP
328,BenchmarkTest01248,CryLogger,TP
328,BenchmarkTest01333,CryLogger,TP
328,BenchmarkTest01333,CryLogger,TP
328,BenchmarkTest01334,CryLogger,TP
328,BenchmarkTest01411,CryLogger,TP
328,BenchmarkTest01414,CryLogger,TP
328,BenchmarkTest01415,CryLogger,TP
328,BenchmarkTest01416,CryLogger,TP
328,BenchmarkTest01503,CryLogger,TP
328,BenchmarkTest01504,CryLogger,TP
328,BenchmarkTest01577,CryLogger,TP
328,BenchmarkTest01579,CryLogger,TP
328,BenchmarkTest01580,CryLogger,TP
328,BenchmarkTest01649,CryLogger,TP
328,BenchmarkTest01649,CryLogger,TP
328,BenchmarkTest01650,CryLogger,TP
328,BenchmarkTest01650,CryLogger,TP
328,BenchmarkTest01651,CryLogger,TP
328,BenchmarkTest01651,CryLogger,TP
328,BenchmarkTest01653,CryLogger,TP
328,BenchmarkTest01653,CryLogger,TP
328,BenchmarkTest01654,CryLogger,TP
328,BenchmarkTest01654,CryLogger,TP
328,BenchmarkTest01757,CryLogger,TP
328,BenchmarkTest01761,CryLogger,TP
328,BenchmarkTest01761,CryLogger,TP
328,BenchmarkTest01765,CryLogger,TP
328,BenchmarkTest01766,CryLogger,TP
328,BenchmarkTest01766,CryLogger,TP
328,BenchmarkTest01844,CryLogger,TP
328,BenchmarkTest01845,CryLogger,TP
328,BenchmarkTest01846,CryLogger,TP
328,BenchmarkTest01911,CryLogger,TP
328,BenchmarkTest01996,CryLogger,TP
328,BenchmarkTest01997,CryLogger,TP
328,BenchmarkTest02042,CryLogger,TP
328,BenchmarkTest02118,CryLogger,TP
328,BenchmarkTest02118,CryLogger,TP
328,BenchmarkTest02121,CryLogger,TP
328,BenchmarkTest02211,CryLogger,TP
328,BenchmarkTest02212,CryLogger,TP
328,BenchmarkTest02213,CryLogger,TP
328,BenchmarkTest02213,CryLogger,TP
328,BenchmarkTest02217,CryLogger,TP
328,BenchmarkTest02219,CryLogger,TP
328,BenchmarkTest02307,CryLogger,TP
328,BenchmarkTest02308,CryLogger,TP
328,BenchmarkTest02311,CryLogger,TP
328,BenchmarkTest02385,CryLogger,TP
328,BenchmarkTest02386,CryLogger,TP
328,BenchmarkTest02387,CryLogger,TP
328,BenchmarkTest02387,CryLogger,TP
328,BenchmarkTest02388,CryLogger,TP
328,BenchmarkTest02391,CryLogger,TP
328,BenchmarkTest02392,CryLogger,TP
328,BenchmarkTest02392,CryLogger,TP
328,BenchmarkTest02393,CryLogger,TP
328,BenchmarkTest02474,CryLogger,TP
328,BenchmarkTest02475,CryLogger,TP
328,BenchmarkTest02476,CryLogger,TP
328,BenchmarkTest02478,CryLogger,TP
328,BenchmarkTest02573,CryLogger,TP
328,BenchmarkTest02573,CryLogger,TP
328,BenchmarkTest02574,CryLogger,TP
328,BenchmarkTest02574,CryLogger,TP
328,BenchmarkTest02575,CryLogger,TP
328,BenchmarkTest02575,CryLogger,TP
328,BenchmarkTest02577,CryLogger,TP
328,BenchmarkTest02577,CryLogger,TP
328,BenchmarkTest02670,CryLogger,TP
328,BenchmarkTest02671,CryLogger,TP
328,BenchmarkTest02674,CryLogger,TP
328,BenchmarkTest02675,CryLogger,TP
328,BenchmarkTest02677,CryLogger,TP
328,BenchmarkTest02677,CryLogger,TP
328,BenchmarkTest00058,CryLogger,FP
328,BenchmarkTest00444,CryLogger,FP
328,BenchmarkTest00613,CryLogger,FP
328,BenchmarkTest00780,CryLogger,FP
328,BenchmarkTest00780,CryLogger,FP
328,BenchmarkTest00209,CryLogger,FP
328,BenchmarkTest00690,CryLogger,FP
328,BenchmarkTest00350,CryLogger,FP
328,BenchmarkTest01738,CryLogger,FP
328,BenchmarkTest00260,CryLogger,FP
328,BenchmarkTest00351,CryLogger,FP
328,BenchmarkTest01321,CryLogger,FP
328,BenchmarkTest01739,CryLogger,FP
328,BenchmarkTest01399,CryLogger,FP
328,BenchmarkTest00259,CryLogger,FP
328,BenchmarkTest01101,CryLogger,FP
328,BenchmarkTest01100,CryLogger,FP
328,BenchmarkTest00943,CryLogger,FP
328,BenchmarkTest01896,CryLogger,FP
328,BenchmarkTest02102,CryLogger,FP
328,BenchmarkTest01828,CryLogger,FP
328,BenchmarkTest00523,CryLogger,FP
328,BenchmarkTest02372,CryLogger,FP
328,BenchmarkTest02372,CryLogger,FP
328,BenchmarkTest01485,CryLogger,FP
328,BenchmarkTest00689,CryLogger,FP
328,BenchmarkTest00689,CryLogger,FP
327,BenchmarkTest00943,CryLogger,FP
327,BenchmarkTest02372,CryLogger,FP
327,BenchmarkTest02372,CryLogger,FP
327,BenchmarkTest00689,CryLogger,FP
327,BenchmarkTest00689,CryLogger,FP
327,BenchmarkTest01896,CryLogger,FP
327,BenchmarkTest00444,CryLogger,FP
327,BenchmarkTest01100,CryLogger,FP
327,BenchmarkTest00690,CryLogger,FP
327,BenchmarkTest00259,CryLogger,FP
327,BenchmarkTest01101,CryLogger,FP
327,BenchmarkTest01485,CryLogger,FP
327,BenchmarkTest00780,CryLogger,FP
327,BenchmarkTest00780,CryLogger,FP
327,BenchmarkTest00351,CryLogger,FP
327,BenchmarkTest01399,CryLogger,FP
327,BenchmarkTest01738,CryLogger,FP
327,BenchmarkTest01828,CryLogger,FP
327,BenchmarkTest00613,CryLogger,FP
327,BenchmarkTest01739,CryLogger,FP
327,BenchmarkTest01321,CryLogger,FP
327,BenchmarkTest00260,CryLogger,FP
327,BenchmarkTest00350,CryLogger,FP
327,BenchmarkTest00209,CryLogger,FP
327,BenchmarkTest00523,CryLogger,FP
327,BenchmarkTest02102,CryLogger,FP