spec,class,className,method,location,error,expecting
PBEKeySpec,org.cryptoapi.bench.predictablepbepassword.PredictablePBEPasswordBBCase1,PredictablePBEPasswordBBCase1,key,PredictablePBEPasswordBBCase1.java:22,UnsatisfiedConstraint,first argument should have been randomized
PBEKeySpec,org.cryptoapi.bench.predictablepbepassword.PredictablePBEPasswordBBCase1,PredictablePBEPasswordBBCase1,key,PredictablePBEPasswordBBCase1.java:22,InvalidSequenceOfMethodCalls,unknown
PBEKeySpec,org.cryptoapi.bench.predictablepbepassword.PredictablePBEPasswordABHCase2,PredictablePBEPasswordABHCase2,key,PredictablePBEPasswordABHCase2.java:30,UnsatisfiedConstraint,first argument should have been randomized
PBEKeySpec,org.cryptoapi.bench.predictablepbepassword.PredictablePBEPasswordABHCase2,PredictablePBEPasswordABHCase2,key,PredictablePBEPasswordABHCase2.java:30,InvalidSequenceOfMethodCalls,unknown
KeyGeneratorSpec,org.cryptoapi.bench.brokencrypto.Crypto5,Crypto5,encrypt,BrokenCryptoABSCase4.java:28,UnsafeAlgorithm,"expecting one ofAES,HmacSHA256,HmacSHA384,HmacSHA512 but found RC2."
KeyGeneratorSpec,org.cryptoapi.bench.brokencrypto.Crypto5,Crypto5,encrypt,BrokenCryptoABSCase4.java:28,InvalidSequenceOfMethodCalls,unknown
CipherSpec,org.cryptoapi.bench.brokencrypto.Crypto5,Crypto5,encrypt,BrokenCryptoABSCase4.java:33,InvalidSequenceOfMethodCalls,unknown
KeyGeneratorSpec,org.cryptoapi.bench.brokencrypto.BrokenCryptoABMC1,BrokenCryptoABMC1,go,BrokenCryptoABMC1.java:13,UnsafeAlgorithm,"expecting one ofAES,HmacSHA256,HmacSHA384,HmacSHA512 but found DES."
KeyGeneratorSpec,org.cryptoapi.bench.brokencrypto.BrokenCryptoABMC1,BrokenCryptoABMC1,go,BrokenCryptoABMC1.java:13,InvalidSequenceOfMethodCalls,unknown
MessageDigestSpec,org.cryptoapi.bench.brokenhash.BrokenHashABICase10,BrokenHashABICase10,method1,BrokenHashABICase10.java:19,UnsafeAlgorithm,"expecting one of {SHA-256, SHA-384, SHA-512} but found MD5."
MessageDigestSpec,org.cryptoapi.bench.brokenhash.BrokenHashABICase10,BrokenHashABICase10,method1,BrokenHashABICase10.java:19,InvalidSequenceOfMethodCalls,unknown
MessageDigestSpec,org.cryptoapi.bench.brokenhash.BrokenHashABICase10,BrokenHashABICase10,method1,BrokenHashABICase10.java:20,InvalidSequenceOfMethodCalls,unknown
KeyGeneratorSpec,org.cryptoapi.bench.brokencrypto.BrokenCryptoABICase6,BrokenCryptoABICase6,go,BrokenCryptoABICase6.java:16,UnsafeAlgorithm,"expecting one ofAES,HmacSHA256,HmacSHA384,HmacSHA512 but found Blowfish."
KeyGeneratorSpec,org.cryptoapi.bench.brokencrypto.BrokenCryptoABICase6,BrokenCryptoABICase6,go,BrokenCryptoABICase6.java:16,InvalidSequenceOfMethodCalls,unknown
PBEParameterSpec,org.cryptoapi.bench.untrustedprng.UntrustedPRNGCase1,UntrustedPRNGCase1,main,UntrustedPRNGCase1.java:14,UnsafeAlgorithm,expecting at least 1000 iterations and a randomized salt.
PBEParameterSpec,org.cryptoapi.bench.untrustedprng.UntrustedPRNGCase1,UntrustedPRNGCase1,main,UntrustedPRNGCase1.java:14,InvalidSequenceOfMethodCalls,unknown
PBEKeySpec,org.cryptoapi.bench.predictablepbepassword.PredictablePBEPasswordABICase2,PredictablePBEPasswordABICase2,go,PredictablePBEPasswordABICase2.java:33,UnsatisfiedConstraint,first argument should have been randomized
PBEKeySpec,org.cryptoapi.bench.predictablepbepassword.PredictablePBEPasswordABICase2,PredictablePBEPasswordABICase2,go,PredictablePBEPasswordABICase2.java:33,InvalidSequenceOfMethodCalls,unknown
PBEKeySpec,org.cryptoapi.bench.predictablepbepassword.PredictablePBEPasswordBBCase2,PredictablePBEPasswordBBCase2,key,PredictablePBEPasswordBBCase2.java:22,UnsatisfiedConstraint,first argument should have been randomized
PBEKeySpec,org.cryptoapi.bench.predictablepbepassword.PredictablePBEPasswordBBCase2,PredictablePBEPasswordBBCase2,key,PredictablePBEPasswordBBCase2.java:22,InvalidSequenceOfMethodCalls,unknown
IvParameterSpecSpec,org.cryptoapi.bench.staticinitializationvector.StaticInitializationVectorABICase3,StaticInitializationVectorABICase3,method2,StaticInitializationVectorABICase3.java:14,UnsatisfiedConstraint,unknown
IvParameterSpecSpec,org.cryptoapi.bench.staticinitializationvector.StaticInitializationVectorABICase3,StaticInitializationVectorABICase3,method2,StaticInitializationVectorABICase3.java:14,InvalidSequenceOfMethodCalls,unknown
SecureRandomSpec,org.cryptoapi.bench.predictableseeds.PredictableSeedsABICase4,PredictableSeedsABICase4,go,PredictableSeedsABICase4.java:24,InvalidSequenceOfMethodCalls,unknown
SecureRandomSpec,org.cryptoapi.bench.predictableseeds.PredictableSeedsABICase4,PredictableSeedsABICase4,go,PredictableSeedsABICase4.java:25,InvalidSequenceOfMethodCalls,unknown
KeyGeneratorSpec,org.cryptoapi.bench.brokencrypto.BrokenCryptoABICase11,BrokenCryptoABICase11,method1,BrokenCryptoABICase11.java:17,UnsafeAlgorithm,"expecting one ofAES,HmacSHA256,HmacSHA384,HmacSHA512 but found DES."
KeyGeneratorSpec,org.cryptoapi.bench.brokencrypto.BrokenCryptoABICase11,BrokenCryptoABICase11,method1,BrokenCryptoABICase11.java:17,InvalidSequenceOfMethodCalls,unknown
MessageDigestSpec,org.cryptoapi.bench.brokenhash.BrokenHashABICase3,BrokenHashABICase3,go,BrokenHashABICase3.java:14,UnsafeAlgorithm,"expecting one of {SHA-256, SHA-384, SHA-512} but found MD5."
MessageDigestSpec,org.cryptoapi.bench.brokenhash.BrokenHashABICase3,BrokenHashABICase3,go,BrokenHashABICase3.java:14,InvalidSequenceOfMethodCalls,unknown
MessageDigestSpec,org.cryptoapi.bench.brokenhash.BrokenHashABICase3,BrokenHashABICase3,go,BrokenHashABICase3.java:15,InvalidSequenceOfMethodCalls,unknown
KeyPairSpec,org.cryptoapi.bench.insecureasymmetriccrypto.InsecureAsymmetricCipherABPSCase1,InsecureAsymmetricCipherABPSCase1,go,InsecureAsymmetricCipherABPSCase1.java:25,InvalidSequenceOfMethodCalls,unknown
KeyGeneratorSpec,org.cryptoapi.bench.brokencrypto.Crypto4,Crypto4,encrypt,BrokenCryptoABSCase3.java:27,UnsafeAlgorithm,"expecting one ofAES,HmacSHA256,HmacSHA384,HmacSHA512 but found RC4."
KeyGeneratorSpec,org.cryptoapi.bench.brokencrypto.Crypto4,Crypto4,encrypt,BrokenCryptoABSCase3.java:27,InvalidSequenceOfMethodCalls,unknown
CipherSpec,org.cryptoapi.bench.brokencrypto.Crypto4,Crypto4,encrypt,BrokenCryptoABSCase3.java:32,InvalidSequenceOfMethodCalls,unknown
SecretKeySpecSpec,org.cryptoapi.bench.credentialinstring.CredentialInStringABICase3,CredentialInStringABICase3,method2,CredentialInStringABICase3.java:22,UnsatisfiedConstraint,Using either an invalid algorithm or keyMaterial.length is not randomized.
SecretKeySpecSpec,org.cryptoapi.bench.credentialinstring.CredentialInStringABICase3,CredentialInStringABICase3,method2,CredentialInStringABICase3.java:22,InvalidSequenceOfMethodCalls,unknown
MessageDigestSpec,org.cryptoapi.bench.brokenhash.BrokenHashABMC1,BrokenHashABMC1,go,BrokenHashABMC1.java:9,UnsafeAlgorithm,"expecting one of {SHA-256, SHA-384, SHA-512} but found SHA1."
MessageDigestSpec,org.cryptoapi.bench.brokenhash.BrokenHashABMC1,BrokenHashABMC1,go,BrokenHashABMC1.java:9,InvalidSequenceOfMethodCalls,unknown
MessageDigestSpec,org.cryptoapi.bench.brokenhash.BrokenHashABMC1,BrokenHashABMC1,go,BrokenHashABMC1.java:10,InvalidSequenceOfMethodCalls,unknown
MessageDigestSpec,org.cryptoapi.bench.brokenhash.BrokenHashABICase11,BrokenHashABICase11,method1,BrokenHashABICase11.java:19,UnsafeAlgorithm,"expecting one of {SHA-256, SHA-384, SHA-512} but found MD5."
MessageDigestSpec,org.cryptoapi.bench.brokenhash.BrokenHashABICase11,BrokenHashABICase11,method1,BrokenHashABICase11.java:19,InvalidSequenceOfMethodCalls,unknown
MessageDigestSpec,org.cryptoapi.bench.brokenhash.BrokenHashABICase11,BrokenHashABICase11,method1,BrokenHashABICase11.java:20,InvalidSequenceOfMethodCalls,unknown
PBEParameterSpec,org.cryptoapi.bench.pbeiteration.LessThan1000IterationPBEABICase1,LessThan1000IterationPBEABICase1,go,LessThan1000IterationPBEABICase1.java:19,UnsafeAlgorithm,expecting at least 1000 iterations and a randomized salt.
PBEParameterSpec,org.cryptoapi.bench.pbeiteration.LessThan1000IterationPBEABICase1,LessThan1000IterationPBEABICase1,go,LessThan1000IterationPBEABICase1.java:19,InvalidSequenceOfMethodCalls,unknown
MessageDigestSpec,org.cryptoapi.bench.brokenhash.BrokenHashABICase2,BrokenHashABICase2,go,BrokenHashABICase2.java:14,UnsafeAlgorithm,"expecting one of {SHA-256, SHA-384, SHA-512} but found MD5."
MessageDigestSpec,org.cryptoapi.bench.brokenhash.BrokenHashABICase2,BrokenHashABICase2,go,BrokenHashABICase2.java:14,InvalidSequenceOfMethodCalls,unknown
MessageDigestSpec,org.cryptoapi.bench.brokenhash.BrokenHashABICase2,BrokenHashABICase2,go,BrokenHashABICase2.java:15,InvalidSequenceOfMethodCalls,unknown
KeyPairGeneratorSpec,org.cryptoapi.bench.insecureasymmetriccrypto.InsecureAsymmetricCipherBBCase1,InsecureAsymmetricCipherBBCase1,go,InsecureAsymmetricCipherBBCase1.java:14,InvalidKeySize,invalid key size for algorithm RSA.
KeyPairGeneratorSpec,org.cryptoapi.bench.insecureasymmetriccrypto.InsecureAsymmetricCipherBBCase1,InsecureAsymmetricCipherBBCase1,go,InsecureAsymmetricCipherBBCase1.java:14,InvalidSequenceOfMethodCalls,unknown
KeyPairGeneratorSpec,org.cryptoapi.bench.insecureasymmetriccrypto.InsecureAsymmetricCipherBBCase1,InsecureAsymmetricCipherBBCase1,go,InsecureAsymmetricCipherBBCase1.java:15,InvalidSequenceOfMethodCalls,unknown
KeyPairSpec,org.cryptoapi.bench.insecureasymmetriccrypto.InsecureAsymmetricCipherBBCase1,InsecureAsymmetricCipherBBCase1,go,InsecureAsymmetricCipherBBCase1.java:19,InvalidSequenceOfMethodCalls,unknown
KeyPairSpec,org.cryptoapi.bench.insecureasymmetriccrypto.InsecureAsymmetricCipherBBCase1,InsecureAsymmetricCipherBBCase1,go,InsecureAsymmetricCipherBBCase1.java:27,InvalidSequenceOfMethodCalls,unknown
PBEKeySpec,org.cryptoapi.bench.predictablepbepassword.PredictablePBEPasswordABMC1,PredictablePBEPasswordABMC1,key,PredictablePBEPasswordABMC1.java:16,UnsatisfiedConstraint,first argument should have been randomized
PBEKeySpec,org.cryptoapi.bench.predictablepbepassword.PredictablePBEPasswordABMC1,PredictablePBEPasswordABMC1,key,PredictablePBEPasswordABMC1.java:16,InvalidSequenceOfMethodCalls,unknown
MessageDigestSpec,org.cryptoapi.bench.brokenhash.BrokenHashABMC3,BrokenHashABMC3,go,BrokenHashABMC3.java:9,UnsafeAlgorithm,"expecting one of {SHA-256, SHA-384, SHA-512} but found MD5."
MessageDigestSpec,org.cryptoapi.bench.brokenhash.BrokenHashABMC3,BrokenHashABMC3,go,BrokenHashABMC3.java:9,InvalidSequenceOfMethodCalls,unknown
MessageDigestSpec,org.cryptoapi.bench.brokenhash.BrokenHashABMC3,BrokenHashABMC3,go,BrokenHashABMC3.java:10,InvalidSequenceOfMethodCalls,unknown
CipherSpec,org.cryptoapi.bench.ecbcrypto.CryptoECB1,CryptoECB1,method1,EcbInSymmCryptoABSCase1.java:36,UnsafeAlgorithm,"expecting one of {AES/CBC/PKCS5Padding, AES/PCBC/ISO10126Padding, ...} but found AES/ECB/PKCS5Padding."
CipherSpec,org.cryptoapi.bench.ecbcrypto.CryptoECB1,CryptoECB1,method1,EcbInSymmCryptoABSCase1.java:36,InvalidSequenceOfMethodCalls,unknown
MessageDigestSpec,org.cryptoapi.bench.brokenhash.BrokenHashBBCase2,BrokenHashBBCase2,main,BrokenHashBBCase2.java:10,UnsafeAlgorithm,"expecting one of {SHA-256, SHA-384, SHA-512} but found MD5."
MessageDigestSpec,org.cryptoapi.bench.brokenhash.BrokenHashBBCase2,BrokenHashBBCase2,main,BrokenHashBBCase2.java:10,InvalidSequenceOfMethodCalls,unknown
MessageDigestSpec,org.cryptoapi.bench.brokenhash.BrokenHashBBCase2,BrokenHashBBCase2,main,BrokenHashBBCase2.java:11,InvalidSequenceOfMethodCalls,unknown
CipherSpec,org.cryptoapi.bench.ecbcrypto.EcbInSymmCryptoABICase2,EcbInSymmCryptoABICase2,go,EcbInSymmCryptoABICase2.java:18,UnsafeAlgorithm,"expecting one of {AES/CBC/PKCS5Padding, AES/PCBC/ISO10126Padding, ...} but found AES/ECB/PKCS5Padding."
CipherSpec,org.cryptoapi.bench.ecbcrypto.EcbInSymmCryptoABICase2,EcbInSymmCryptoABICase2,go,EcbInSymmCryptoABICase2.java:18,InvalidSequenceOfMethodCalls,unknown
SecureRandomSpec,org.cryptoapi.bench.predictableseeds.PredictableSeedsABMC2,PredictableSeedsABMC2,go,PredictableSeedsABMC2.java:7,InvalidSequenceOfMethodCalls,unknown
SecureRandomSpec,org.cryptoapi.bench.predictableseeds.PredictableSeedsABMC2,PredictableSeedsABMC2,go,PredictableSeedsABMC2.java:8,InvalidSequenceOfMethodCalls,unknown
MessageDigestSpec,org.cryptoapi.bench.brokenhash.CryptoHash4,CryptoHash4,encrypt,BrokenHashABSCase4.java:31,UnsafeAlgorithm,"expecting one of {SHA-256, SHA-384, SHA-512} but found MD2."
MessageDigestSpec,org.cryptoapi.bench.brokenhash.CryptoHash4,CryptoHash4,encrypt,BrokenHashABSCase4.java:31,InvalidSequenceOfMethodCalls,unknown
MessageDigestSpec,org.cryptoapi.bench.brokenhash.CryptoHash4,CryptoHash4,encrypt,BrokenHashABSCase4.java:32,InvalidSequenceOfMethodCalls,unknown
MessageDigestSpec,org.cryptoapi.bench.brokenhash.CryptoHash2,CryptoHash2,encrypt,BrokenHashABSCase2.java:31,UnsafeAlgorithm,"expecting one of {SHA-256, SHA-384, SHA-512} but found MD5."
MessageDigestSpec,org.cryptoapi.bench.brokenhash.CryptoHash2,CryptoHash2,encrypt,BrokenHashABSCase2.java:31,InvalidSequenceOfMethodCalls,unknown
MessageDigestSpec,org.cryptoapi.bench.brokenhash.CryptoHash2,CryptoHash2,encrypt,BrokenHashABSCase2.java:32,InvalidSequenceOfMethodCalls,unknown
PBEParameterSpec,org.cryptoapi.bench.pbeiteration.LessThan1000IterationPBEABMC1,LessThan1000IterationPBEABMC1,go,LessThan1000IterationPBEABMC1.java:13,UnsafeAlgorithm,expecting at least 1000 iterations and a randomized salt.
PBEParameterSpec,org.cryptoapi.bench.pbeiteration.LessThan1000IterationPBEABMC1,LessThan1000IterationPBEABMC1,go,LessThan1000IterationPBEABMC1.java:13,InvalidSequenceOfMethodCalls,unknown
IvParameterSpecSpec,org.cryptoapi.bench.staticinitializationvector.CryptoStaticIV1,CryptoStaticIV1,method1,StaticInitializationVectorABSCase1.java:34,UnsatisfiedConstraint,unknown
IvParameterSpecSpec,org.cryptoapi.bench.staticinitializationvector.CryptoStaticIV1,CryptoStaticIV1,method1,StaticInitializationVectorABSCase1.java:34,InvalidSequenceOfMethodCalls,unknown
PBEParameterSpec,org.cryptoapi.bench.staticsalts.StaticSaltsABICase2,StaticSaltsABICase2,key2,StaticSaltsABICase2.java:27,UnsafeAlgorithm,expecting at least 1000 iterations and a randomized salt.
PBEParameterSpec,org.cryptoapi.bench.staticsalts.StaticSaltsABICase2,StaticSaltsABICase2,key2,StaticSaltsABICase2.java:27,InvalidSequenceOfMethodCalls,unknown
SecureRandomSpec,org.cryptoapi.bench.predictableseeds.PredictableSeedsABICase2,PredictableSeedsABICase2,go,PredictableSeedsABICase2.java:12,InvalidSequenceOfMethodCalls,unknown
SecureRandomSpec,org.cryptoapi.bench.predictableseeds.PredictableSeedsABICase2,PredictableSeedsABICase2,go,PredictableSeedsABICase2.java:13,InvalidSequenceOfMethodCalls,unknown
KeyGeneratorSpec,org.cryptoapi.bench.brokencrypto.BrokenCryptoABICase3,BrokenCryptoABICase3,go,BrokenCryptoABICase3.java:13,UnsafeAlgorithm,"expecting one ofAES,HmacSHA256,HmacSHA384,HmacSHA512 but found RC4."
KeyGeneratorSpec,org.cryptoapi.bench.brokencrypto.BrokenCryptoABICase3,BrokenCryptoABICase3,go,BrokenCryptoABICase3.java:13,InvalidSequenceOfMethodCalls,unknown
KeyGeneratorSpec,org.cryptoapi.bench.brokencrypto.BrokenCryptoABICase10,BrokenCryptoABICase10,go,BrokenCryptoABICase10.java:16,UnsafeAlgorithm,"expecting one ofAES,HmacSHA256,HmacSHA384,HmacSHA512 but found DES."
KeyGeneratorSpec,org.cryptoapi.bench.brokencrypto.BrokenCryptoABICase10,BrokenCryptoABICase10,go,BrokenCryptoABICase10.java:16,InvalidSequenceOfMethodCalls,unknown
SecretKeySpecSpec,org.cryptoapi.bench.predictablecryptographickey.PredictableCryptographicKeyABICase3,PredictableCryptographicKeyABICase3,method2,PredictableCryptographicKeyABICase3.java:18,UnsatisfiedConstraint,Using either an invalid algorithm or keyMaterial.length is not randomized.
SecretKeySpecSpec,org.cryptoapi.bench.predictablecryptographickey.PredictableCryptographicKeyABICase3,PredictableCryptographicKeyABICase3,method2,PredictableCryptographicKeyABICase3.java:18,InvalidSequenceOfMethodCalls,unknown
MessageDigestSpec,org.cryptoapi.bench.brokenhash.BrokenHashABICase7,BrokenHashABICase7,go,BrokenHashABICase7.java:26,UnsafeAlgorithm,"expecting one of {SHA-256, SHA-384, SHA-512} but found MD5."
MessageDigestSpec,org.cryptoapi.bench.brokenhash.BrokenHashABICase7,BrokenHashABICase7,go,BrokenHashABICase7.java:26,InvalidSequenceOfMethodCalls,unknown
MessageDigestSpec,org.cryptoapi.bench.brokenhash.BrokenHashABICase7,BrokenHashABICase7,go,BrokenHashABICase7.java:27,InvalidSequenceOfMethodCalls,unknown
SecureRandomSpec,org.cryptoapi.bench.predictableseeds.CryptoPredictableSeed1,CryptoPredictableSeed1,method1,PredictableSeedsABSCase1.java:35,UnsatisfiedConstraint,setSeed() expects a randomized byte array.
SecureRandomSpec,org.cryptoapi.bench.predictableseeds.CryptoPredictableSeed1,CryptoPredictableSeed1,method1,PredictableSeedsABSCase1.java:35,InvalidSequenceOfMethodCalls,unknown
SecureRandomSpec,org.cryptoapi.bench.predictableseeds.CryptoPredictableSeed1,CryptoPredictableSeed1,method1,PredictableSeedsABSCase1.java:36,InvalidSequenceOfMethodCalls,unknown
KeyGeneratorSpec,org.cryptoapi.bench.brokencrypto.BrokenCryptoABICase7,BrokenCryptoABICase7,go,BrokenCryptoABICase7.java:16,UnsafeAlgorithm,"expecting one ofAES,HmacSHA256,HmacSHA384,HmacSHA512 but found RC4."
KeyGeneratorSpec,org.cryptoapi.bench.brokencrypto.BrokenCryptoABICase7,BrokenCryptoABICase7,go,BrokenCryptoABICase7.java:16,InvalidSequenceOfMethodCalls,unknown
KeyGeneratorSpec,org.cryptoapi.bench.brokencrypto.BrokenCryptoABICase14,BrokenCryptoABICase14,method1,BrokenCryptoABICase14.java:17,UnsafeAlgorithm,"expecting one ofAES,HmacSHA256,HmacSHA384,HmacSHA512 but found RC2."
KeyGeneratorSpec,org.cryptoapi.bench.brokencrypto.BrokenCryptoABICase14,BrokenCryptoABICase14,method1,BrokenCryptoABICase14.java:17,InvalidSequenceOfMethodCalls,unknown
MessageDigestSpec,org.cryptoapi.bench.brokenhash.BrokenHashBBCase3,BrokenHashBBCase3,main,BrokenHashBBCase3.java:10,UnsafeAlgorithm,"expecting one of {SHA-256, SHA-384, SHA-512} but found MD5."
MessageDigestSpec,org.cryptoapi.bench.brokenhash.BrokenHashBBCase3,BrokenHashBBCase3,main,BrokenHashBBCase3.java:10,InvalidSequenceOfMethodCalls,unknown
MessageDigestSpec,org.cryptoapi.bench.brokenhash.BrokenHashBBCase3,BrokenHashBBCase3,main,BrokenHashBBCase3.java:11,InvalidSequenceOfMethodCalls,unknown
CipherSpec,org.cryptoapi.bench.ecbcrypto.EcbInSymmCryptoABICase3,EcbInSymmCryptoABICase3,method1,EcbInSymmCryptoABICase3.java:19,UnsafeAlgorithm,"expecting one of {AES/CBC/PKCS5Padding, AES/PCBC/ISO10126Padding, ...} but found AES/ECB/PKCS5Padding."
CipherSpec,org.cryptoapi.bench.ecbcrypto.EcbInSymmCryptoABICase3,EcbInSymmCryptoABICase3,method1,EcbInSymmCryptoABICase3.java:19,InvalidSequenceOfMethodCalls,unknown
SecretKeySpecSpec,org.cryptoapi.bench.credentialinstring.CredentialInStringABICase2,CredentialInStringABICase2,go,CredentialInStringABICase2.java:26,UnsatisfiedConstraint,Using either an invalid algorithm or keyMaterial.length is not randomized.
SecretKeySpecSpec,org.cryptoapi.bench.credentialinstring.CredentialInStringABICase2,CredentialInStringABICase2,go,CredentialInStringABICase2.java:26,InvalidSequenceOfMethodCalls,unknown
PBEParameterSpec,org.cryptoapi.bench.staticsalts.StaticSaltsABHCase1,StaticSaltsABHCase1,key2,StaticSaltsABHCase1.java:25,UnsafeAlgorithm,expecting at least 1000 iterations and a randomized salt.
PBEParameterSpec,org.cryptoapi.bench.staticsalts.StaticSaltsABHCase1,StaticSaltsABHCase1,key2,StaticSaltsABHCase1.java:25,InvalidSequenceOfMethodCalls,unknown
MessageDigestSpec,org.cryptoapi.bench.brokenhash.BrokenHashABMC2,BrokenHashABMC2,go,BrokenHashABMC2.java:9,UnsafeAlgorithm,"expecting one of {SHA-256, SHA-384, SHA-512} but found MD5."
MessageDigestSpec,org.cryptoapi.bench.brokenhash.BrokenHashABMC2,BrokenHashABMC2,go,BrokenHashABMC2.java:9,InvalidSequenceOfMethodCalls,unknown
MessageDigestSpec,org.cryptoapi.bench.brokenhash.BrokenHashABMC2,BrokenHashABMC2,go,BrokenHashABMC2.java:10,InvalidSequenceOfMethodCalls,unknown
MessageDigestSpec,org.cryptoapi.bench.brokenhash.BrokenHashABMC4,BrokenHashABMC4,go,BrokenHashABMC4.java:9,UnsafeAlgorithm,"expecting one of {SHA-256, SHA-384, SHA-512} but found MD2."
MessageDigestSpec,org.cryptoapi.bench.brokenhash.BrokenHashABMC4,BrokenHashABMC4,go,BrokenHashABMC4.java:9,InvalidSequenceOfMethodCalls,unknown
MessageDigestSpec,org.cryptoapi.bench.brokenhash.BrokenHashABMC4,BrokenHashABMC4,go,BrokenHashABMC4.java:10,InvalidSequenceOfMethodCalls,unknown
IvParameterSpecSpec,org.cryptoapi.bench.staticinitializationvector.StaticInitializationVectorABICase1,StaticInitializationVectorABICase1,go,StaticInitializationVectorABICase1.java:14,UnsatisfiedConstraint,unknown
IvParameterSpecSpec,org.cryptoapi.bench.staticinitializationvector.StaticInitializationVectorABICase1,StaticInitializationVectorABICase1,go,StaticInitializationVectorABICase1.java:14,InvalidSequenceOfMethodCalls,unknown
KeyGeneratorSpec,org.cryptoapi.bench.brokencrypto.BrokenCryptoBBCase4,BrokenCryptoBBCase4,go,BrokenCryptoBBCase4.java:13,UnsafeAlgorithm,"expecting one ofAES,HmacSHA256,HmacSHA384,HmacSHA512 but found RC2."
KeyGeneratorSpec,org.cryptoapi.bench.brokencrypto.BrokenCryptoBBCase4,BrokenCryptoBBCase4,go,BrokenCryptoBBCase4.java:13,InvalidSequenceOfMethodCalls,unknown
SecureRandomSpec,org.cryptoapi.bench.predictableseeds.PredictableSeedsBBCase1,PredictableSeedsBBCase1,main,PredictableSeedsBBCase1.java:10,UnsatisfiedConstraint,setSeed() expects a randomized byte array.
SecureRandomSpec,org.cryptoapi.bench.predictableseeds.PredictableSeedsBBCase1,PredictableSeedsBBCase1,main,PredictableSeedsBBCase1.java:10,InvalidSequenceOfMethodCalls,unknown
SecureRandomSpec,org.cryptoapi.bench.predictableseeds.PredictableSeedsBBCase1,PredictableSeedsBBCase1,main,PredictableSeedsBBCase1.java:12,InvalidSequenceOfMethodCalls,unknown
IvParameterSpecSpec,org.cryptoapi.bench.staticinitializationvector.StaticInitializationVectorABICase2,StaticInitializationVectorABICase2,go,StaticInitializationVectorABICase2.java:17,UnsatisfiedConstraint,unknown
IvParameterSpecSpec,org.cryptoapi.bench.staticinitializationvector.StaticInitializationVectorABICase2,StaticInitializationVectorABICase2,go,StaticInitializationVectorABICase2.java:17,InvalidSequenceOfMethodCalls,unknown
KeyGeneratorSpec,org.cryptoapi.bench.brokencrypto.BrokenCryptoABICase2,BrokenCryptoABICase2,go,BrokenCryptoABICase2.java:13,UnsafeAlgorithm,"expecting one ofAES,HmacSHA256,HmacSHA384,HmacSHA512 but found Blowfish."
KeyGeneratorSpec,org.cryptoapi.bench.brokencrypto.BrokenCryptoABICase2,BrokenCryptoABICase2,go,BrokenCryptoABICase2.java:13,InvalidSequenceOfMethodCalls,unknown
IvParameterSpecSpec,org.cryptoapi.bench.staticinitializationvector.StaticInitializationVectorBBCase1,StaticInitializationVectorBBCase1,go,StaticInitializationVectorBBCase1.java:21,UnsatisfiedConstraint,unknown
IvParameterSpecSpec,org.cryptoapi.bench.staticinitializationvector.StaticInitializationVectorBBCase1,StaticInitializationVectorBBCase1,go,StaticInitializationVectorBBCase1.java:21,InvalidSequenceOfMethodCalls,unknown
KeyGeneratorSpec,org.cryptoapi.bench.brokencrypto.BrokenCryptoABMC5,BrokenCryptoABMC5,go,BrokenCryptoABMC5.java:13,UnsafeAlgorithm,"expecting one ofAES,HmacSHA256,HmacSHA384,HmacSHA512 but found DES."
KeyGeneratorSpec,org.cryptoapi.bench.brokencrypto.BrokenCryptoABMC5,BrokenCryptoABMC5,go,BrokenCryptoABMC5.java:13,InvalidSequenceOfMethodCalls,unknown
PBEParameterSpec,org.cryptoapi.bench.pbeiteration.LessThan1000IterationPBECorrected,LessThan1000IterationPBECorrected,key2,LessThan1000IterationPBECorrected.java:17,UnsafeAlgorithm,expecting at least 1000 iterations and a randomized salt.
PBEParameterSpec,org.cryptoapi.bench.pbeiteration.LessThan1000IterationPBECorrected,LessThan1000IterationPBECorrected,key2,LessThan1000IterationPBECorrected.java:17,InvalidSequenceOfMethodCalls,unknown
IvParameterSpecSpec,org.cryptoapi.bench.staticinitializationvector.StaticInitializationVectorABHCase1,StaticInitializationVectorABHCase1,go,StaticInitializationVectorABHCase1.java:21,UnsatisfiedConstraint,unknown
IvParameterSpecSpec,org.cryptoapi.bench.staticinitializationvector.StaticInitializationVectorABHCase1,StaticInitializationVectorABHCase1,go,StaticInitializationVectorABHCase1.java:21,InvalidSequenceOfMethodCalls,unknown
MessageDigestSpec,org.cryptoapi.bench.brokenhash.BrokenHashABICase6,BrokenHashABICase6,go,BrokenHashABICase6.java:26,UnsafeAlgorithm,"expecting one of {SHA-256, SHA-384, SHA-512} but found MD5."
MessageDigestSpec,org.cryptoapi.bench.brokenhash.BrokenHashABICase6,BrokenHashABICase6,go,BrokenHashABICase6.java:26,InvalidSequenceOfMethodCalls,unknown
MessageDigestSpec,org.cryptoapi.bench.brokenhash.BrokenHashABICase6,BrokenHashABICase6,go,BrokenHashABICase6.java:27,InvalidSequenceOfMethodCalls,unknown
SecretKeySpecSpec,org.cryptoapi.bench.predictablecryptographickey.PredictableCryptographicKeyABICase1,PredictableCryptographicKeyABICase1,go,PredictableCryptographicKeyABICase1.java:15,UnsatisfiedConstraint,Using either an invalid algorithm or keyMaterial.length is not randomized.
SecretKeySpecSpec,org.cryptoapi.bench.predictablecryptographickey.PredictableCryptographicKeyABICase1,PredictableCryptographicKeyABICase1,go,PredictableCryptographicKeyABICase1.java:15,InvalidSequenceOfMethodCalls,unknown
SecretKeySpecSpec,org.cryptoapi.bench.predictablecryptographickey.PredictableCryptographicKeyBBCase1,PredictableCryptographicKeyBBCase1,main,PredictableCryptographicKeyBBCase1.java:10,UnsatisfiedConstraint,Using either an invalid algorithm or keyMaterial.length is not randomized.
SecretKeySpecSpec,org.cryptoapi.bench.predictablecryptographickey.PredictableCryptographicKeyBBCase1,PredictableCryptographicKeyBBCase1,main,PredictableCryptographicKeyBBCase1.java:10,InvalidSequenceOfMethodCalls,unknown
KeyGeneratorSpec,org.cryptoapi.bench.brokencrypto.BrokenCryptoABICase8,BrokenCryptoABICase8,go,BrokenCryptoABICase8.java:16,UnsafeAlgorithm,"expecting one ofAES,HmacSHA256,HmacSHA384,HmacSHA512 but found RC2."
KeyGeneratorSpec,org.cryptoapi.bench.brokencrypto.BrokenCryptoABICase8,BrokenCryptoABICase8,go,BrokenCryptoABICase8.java:16,InvalidSequenceOfMethodCalls,unknown
PBEParameterSpec,org.cryptoapi.bench.staticsalts.StaticSaltsABICase1,StaticSaltsABICase1,key2,StaticSaltsABICase1.java:16,UnsafeAlgorithm,expecting at least 1000 iterations and a randomized salt.
PBEParameterSpec,org.cryptoapi.bench.staticsalts.StaticSaltsABICase1,StaticSaltsABICase1,key2,StaticSaltsABICase1.java:16,InvalidSequenceOfMethodCalls,unknown
KeyGeneratorSpec,org.cryptoapi.bench.brokencrypto.BrokenCryptoBBCase5,BrokenCryptoBBCase5,go,BrokenCryptoBBCase5.java:13,UnsafeAlgorithm,"expecting one ofAES,HmacSHA256,HmacSHA384,HmacSHA512 but found DES."
KeyGeneratorSpec,org.cryptoapi.bench.brokencrypto.BrokenCryptoBBCase5,BrokenCryptoBBCase5,go,BrokenCryptoBBCase5.java:13,InvalidSequenceOfMethodCalls,unknown
PBEParameterSpec,org.cryptoapi.bench.pbeiteration.LessThan1000IterationPBEBBCase1,LessThan1000IterationPBEBBCase1,key2,LessThan1000IterationPBEBBCase1.java:17,UnsafeAlgorithm,expecting at least 1000 iterations and a randomized salt.
PBEParameterSpec,org.cryptoapi.bench.pbeiteration.LessThan1000IterationPBEBBCase1,LessThan1000IterationPBEBBCase1,key2,LessThan1000IterationPBEBBCase1.java:17,InvalidSequenceOfMethodCalls,unknown
KeyGeneratorSpec,org.cryptoapi.bench.brokencrypto.Crypto3,Crypto3,encrypt,BrokenCryptoABSCase2.java:27,UnsafeAlgorithm,"expecting one ofAES,HmacSHA256,HmacSHA384,HmacSHA512 but found Blowfish."
KeyGeneratorSpec,org.cryptoapi.bench.brokencrypto.Crypto3,Crypto3,encrypt,BrokenCryptoABSCase2.java:27,InvalidSequenceOfMethodCalls,unknown
CipherSpec,org.cryptoapi.bench.brokencrypto.Crypto3,Crypto3,encrypt,BrokenCryptoABSCase2.java:32,InvalidSequenceOfMethodCalls,unknown
KeyGeneratorSpec,org.cryptoapi.bench.brokencrypto.BrokenCryptoBBCase1,BrokenCryptoBBCase1,go,BrokenCryptoBBCase1.java:14,UnsafeAlgorithm,"expecting one ofAES,HmacSHA256,HmacSHA384,HmacSHA512 but found DES."
KeyGeneratorSpec,org.cryptoapi.bench.brokencrypto.BrokenCryptoBBCase1,BrokenCryptoBBCase1,go,BrokenCryptoBBCase1.java:14,InvalidSequenceOfMethodCalls,unknown
MessageDigestSpec,org.cryptoapi.bench.brokenhash.BrokenHashBBCase1,BrokenHashBBCase1,main,BrokenHashBBCase1.java:10,UnsafeAlgorithm,"expecting one of {SHA-256, SHA-384, SHA-512} but found SHA1."
MessageDigestSpec,org.cryptoapi.bench.brokenhash.BrokenHashBBCase1,BrokenHashBBCase1,main,BrokenHashBBCase1.java:10,InvalidSequenceOfMethodCalls,unknown
MessageDigestSpec,org.cryptoapi.bench.brokenhash.BrokenHashBBCase1,BrokenHashBBCase1,main,BrokenHashBBCase1.java:11,InvalidSequenceOfMethodCalls,unknown
KeyGeneratorSpec,org.cryptoapi.bench.brokencrypto.BrokenCryptoABMC2,BrokenCryptoABMC2,go,BrokenCryptoABMC2.java:13,UnsafeAlgorithm,"expecting one ofAES,HmacSHA256,HmacSHA384,HmacSHA512 but found Blowfish."
KeyGeneratorSpec,org.cryptoapi.bench.brokencrypto.BrokenCryptoABMC2,BrokenCryptoABMC2,go,BrokenCryptoABMC2.java:13,InvalidSequenceOfMethodCalls,unknown
PBEParameterSpec,org.cryptoapi.bench.staticsalts.StaticSaltsBBCase1,StaticSaltsBBCase1,key2,StaticSaltsBBCase1.java:15,UnsafeAlgorithm,expecting at least 1000 iterations and a randomized salt.
PBEParameterSpec,org.cryptoapi.bench.staticsalts.StaticSaltsBBCase1,StaticSaltsBBCase1,key2,StaticSaltsBBCase1.java:15,InvalidSequenceOfMethodCalls,unknown
KeyGeneratorSpec,org.cryptoapi.bench.brokencrypto.BrokenCryptoBBCase2,BrokenCryptoBBCase2,go,BrokenCryptoBBCase2.java:13,UnsafeAlgorithm,"expecting one ofAES,HmacSHA256,HmacSHA384,HmacSHA512 but found Blowfish."
KeyGeneratorSpec,org.cryptoapi.bench.brokencrypto.BrokenCryptoBBCase2,BrokenCryptoBBCase2,go,BrokenCryptoBBCase2.java:13,InvalidSequenceOfMethodCalls,unknown
KeyPairGeneratorSpec,org.cryptoapi.bench.insecureasymmetriccrypto.InsecureAsymmetricCipherABICase2,InsecureAsymmetricCipherABICase2,main,InsecureAsymmetricCipherABICase2.java:42,InvalidKeySize,invalid key size for algorithm RSA.
KeyPairGeneratorSpec,org.cryptoapi.bench.insecureasymmetriccrypto.InsecureAsymmetricCipherABICase2,InsecureAsymmetricCipherABICase2,main,InsecureAsymmetricCipherABICase2.java:42,InvalidSequenceOfMethodCalls,unknown
KeyPairGeneratorSpec,org.cryptoapi.bench.insecureasymmetriccrypto.InsecureAsymmetricCipherABICase2,InsecureAsymmetricCipherABICase2,main,InsecureAsymmetricCipherABICase2.java:43,InvalidSequenceOfMethodCalls,unknown
KeyPairSpec,org.cryptoapi.bench.insecureasymmetriccrypto.InsecureAsymmetricCipherABICase2,InsecureAsymmetricCipherABICase2,go,InsecureAsymmetricCipherABICase2.java:17,InvalidSequenceOfMethodCalls,unknown
KeyPairSpec,org.cryptoapi.bench.insecureasymmetriccrypto.InsecureAsymmetricCipherABICase2,InsecureAsymmetricCipherABICase2,go,InsecureAsymmetricCipherABICase2.java:25,InvalidSequenceOfMethodCalls,unknown
CipherSpec,org.cryptoapi.bench.ecbcrypto.EcbInSymmCryptoBBCase1,EcbInSymmCryptoBBCase1,go,EcbInSymmCryptoBBCase1.java:15,UnsafeAlgorithm,"expecting one of {AES/CBC/PKCS5Padding, AES/PCBC/ISO10126Padding, ...} but found AES/ECB/PKCS5Padding."
CipherSpec,org.cryptoapi.bench.ecbcrypto.EcbInSymmCryptoBBCase1,EcbInSymmCryptoBBCase1,go,EcbInSymmCryptoBBCase1.java:15,InvalidSequenceOfMethodCalls,unknown
KeyGeneratorSpec,org.cryptoapi.bench.brokencrypto.BrokenCryptoABICase9,BrokenCryptoABICase9,go,BrokenCryptoABICase9.java:13,UnsafeAlgorithm,"expecting one ofAES,HmacSHA256,HmacSHA384,HmacSHA512 but found DES."
KeyGeneratorSpec,org.cryptoapi.bench.brokencrypto.BrokenCryptoABICase9,BrokenCryptoABICase9,go,BrokenCryptoABICase9.java:13,InvalidSequenceOfMethodCalls,unknown
SecretKeySpecSpec,org.cryptoapi.bench.predictablecryptographickey.PredictableCryptographicKeyABMC1,PredictableCryptographicKeyABMC1,go,PredictableCryptographicKeyABMC1.java:11,UnsatisfiedConstraint,Using either an invalid algorithm or keyMaterial.length is not randomized.
SecretKeySpecSpec,org.cryptoapi.bench.predictablecryptographickey.PredictableCryptographicKeyABMC1,PredictableCryptographicKeyABMC1,go,PredictableCryptographicKeyABMC1.java:11,InvalidSequenceOfMethodCalls,unknown
SecretKeySpecSpec,org.cryptoapi.bench.credentialinstring.CredentialInStringABICase1,CredentialInStringABICase1,go,CredentialInStringABICase1.java:17,UnsatisfiedConstraint,Using either an invalid algorithm or keyMaterial.length is not randomized.
SecretKeySpecSpec,org.cryptoapi.bench.credentialinstring.CredentialInStringABICase1,CredentialInStringABICase1,go,CredentialInStringABICase1.java:17,InvalidSequenceOfMethodCalls,unknown
PBEParameterSpec,org.cryptoapi.bench.staticsalts.StaticSaltsABPSCase1,StaticSaltsABPSCase1,key2,StaticSaltsABPSCase1.java:19,UnsafeAlgorithm,expecting at least 1000 iterations and a randomized salt.
PBEParameterSpec,org.cryptoapi.bench.staticsalts.StaticSaltsABPSCase1,StaticSaltsABPSCase1,key2,StaticSaltsABPSCase1.java:19,InvalidSequenceOfMethodCalls,unknown
MessageDigestSpec,org.cryptoapi.bench.brokenhash.BrokenHashABICase1,BrokenHashABICase1,go,BrokenHashABICase1.java:14,UnsafeAlgorithm,"expecting one of {SHA-256, SHA-384, SHA-512} but found SHA1."
MessageDigestSpec,org.cryptoapi.bench.brokenhash.BrokenHashABICase1,BrokenHashABICase1,go,BrokenHashABICase1.java:14,InvalidSequenceOfMethodCalls,unknown
MessageDigestSpec,org.cryptoapi.bench.brokenhash.BrokenHashABICase1,BrokenHashABICase1,go,BrokenHashABICase1.java:15,InvalidSequenceOfMethodCalls,unknown
CipherSpec,org.cryptoapi.bench.ecbcrypto.EcbInSymmCryptoABMC1,EcbInSymmCryptoABMC1,go,EcbInSymmCryptoABMC1.java:16,UnsafeAlgorithm,"expecting one of {AES/CBC/PKCS5Padding, AES/PCBC/ISO10126Padding, ...} but found AES/ECB/PKCS5Padding."
CipherSpec,org.cryptoapi.bench.ecbcrypto.EcbInSymmCryptoABMC1,EcbInSymmCryptoABMC1,go,EcbInSymmCryptoABMC1.java:16,InvalidSequenceOfMethodCalls,unknown
MacSpec,org.cryptoapi.bench.brokenmac.BrokenMacBBCase1,BrokenMacBBCase1,main,BrokenMacBBCase1.java:17,UnsafeAlgorithm," expecting one of HmacSHA256,HmacSHA384,HmacSHA512,HmacPBESHA1,PBEWithHmacSHA1,PBEWithHmacSHA224,PBEWithHmacSHA256,PBEWithHmacSHA384,PBEWithHmacSHA512 but found HmacMD5."
MacSpec,org.cryptoapi.bench.brokenmac.BrokenMacBBCase1,BrokenMacBBCase1,main,BrokenMacBBCase1.java:17,InvalidSequenceOfMethodCalls,unknown
MacSpec,org.cryptoapi.bench.brokenmac.BrokenMacBBCase1,BrokenMacBBCase1,main,BrokenMacBBCase1.java:21,InvalidSequenceOfMethodCalls,unknown
PBEParameterSpec,org.cryptoapi.bench.pbeiteration.CryptoPBEIteration1,CryptoPBEIteration1,method1,LessThan1000IterationPBEABSCase1.java:38,UnsafeAlgorithm,expecting at least 1000 iterations and a randomized salt.
PBEParameterSpec,org.cryptoapi.bench.pbeiteration.CryptoPBEIteration1,CryptoPBEIteration1,method1,LessThan1000IterationPBEABSCase1.java:38,InvalidSequenceOfMethodCalls,unknown
SecureRandomSpec,org.cryptoapi.bench.predictableseeds.PredictableSeedsABMC1,PredictableSeedsABMC1,go,PredictableSeedsABMC1.java:8,UnsatisfiedConstraint,setSeed() expects a randomized byte array.
SecureRandomSpec,org.cryptoapi.bench.predictableseeds.PredictableSeedsABMC1,PredictableSeedsABMC1,go,PredictableSeedsABMC1.java:8,InvalidSequenceOfMethodCalls,unknown
SecureRandomSpec,org.cryptoapi.bench.predictableseeds.PredictableSeedsABMC1,PredictableSeedsABMC1,go,PredictableSeedsABMC1.java:9,InvalidSequenceOfMethodCalls,unknown
SecretKeySpecSpec,org.cryptoapi.bench.credentialinstring.CredentialInStringABHCase1,CredentialInStringABHCase1,main,CredentialInStringABHCase1.java:15,UnsatisfiedConstraint,Using either an invalid algorithm or keyMaterial.length is not randomized.
SecretKeySpecSpec,org.cryptoapi.bench.credentialinstring.CredentialInStringABHCase1,CredentialInStringABHCase1,main,CredentialInStringABHCase1.java:15,InvalidSequenceOfMethodCalls,unknown
PBEParameterSpec,org.cryptoapi.bench.staticsalts.CryptoStaticSalt1,CryptoStaticSalt1,method1,StaticSaltsABSCase1.java:28,UnsafeAlgorithm,expecting at least 1000 iterations and a randomized salt.
PBEParameterSpec,org.cryptoapi.bench.staticsalts.CryptoStaticSalt1,CryptoStaticSalt1,method1,StaticSaltsABSCase1.java:28,InvalidSequenceOfMethodCalls,unknown
SecureRandomSpec,org.cryptoapi.bench.predictableseeds.PredictableSeedsABICase1,PredictableSeedsABICase1,go,PredictableSeedsABICase1.java:13,UnsatisfiedConstraint,setSeed() expects a randomized byte array.
SecureRandomSpec,org.cryptoapi.bench.predictableseeds.PredictableSeedsABICase1,PredictableSeedsABICase1,go,PredictableSeedsABICase1.java:13,InvalidSequenceOfMethodCalls,unknown
SecureRandomSpec,org.cryptoapi.bench.predictableseeds.PredictableSeedsABICase1,PredictableSeedsABICase1,go,PredictableSeedsABICase1.java:14,InvalidSequenceOfMethodCalls,unknown
KeyGeneratorSpec,org.cryptoapi.bench.brokencrypto.BrokenCryptoABICase1,BrokenCryptoABICase1,go,BrokenCryptoABICase1.java:13,UnsafeAlgorithm,"expecting one ofAES,HmacSHA256,HmacSHA384,HmacSHA512 but found DES."
KeyGeneratorSpec,org.cryptoapi.bench.brokencrypto.BrokenCryptoABICase1,BrokenCryptoABICase1,go,BrokenCryptoABICase1.java:13,InvalidSequenceOfMethodCalls,unknown
PBEKeySpec,org.cryptoapi.bench.predictablepbepassword.CryptoPredictablePBE,CryptoPredictablePBE,method1,PredictablePBEPasswordABSCase1.java:38,UnsatisfiedConstraint,first argument should have been randomized
PBEKeySpec,org.cryptoapi.bench.predictablepbepassword.CryptoPredictablePBE,CryptoPredictablePBE,method1,PredictablePBEPasswordABSCase1.java:38,InvalidSequenceOfMethodCalls,unknown
KeyGeneratorSpec,org.cryptoapi.bench.brokencrypto.BrokenCryptoABMC4,BrokenCryptoABMC4,go,BrokenCryptoABMC4.java:13,UnsafeAlgorithm,"expecting one ofAES,HmacSHA256,HmacSHA384,HmacSHA512 but found RC2."
KeyGeneratorSpec,org.cryptoapi.bench.brokencrypto.BrokenCryptoABMC4,BrokenCryptoABMC4,go,BrokenCryptoABMC4.java:13,InvalidSequenceOfMethodCalls,unknown
CipherSpec,org.cryptoapi.bench.brokencrypto.Crypto2,Crypto2,encrypt,BrokenCryptoABSCase1.java:36,UnsafeAlgorithm,"expecting one of {AES/CBC/PKCS5Padding, AES/PCBC/ISO10126Padding, ...} but found AES/ECB/PKCS5Padding."
CipherSpec,org.cryptoapi.bench.brokencrypto.Crypto2,Crypto2,encrypt,BrokenCryptoABSCase1.java:36,InvalidSequenceOfMethodCalls,unknown
CipherSpec,org.cryptoapi.bench.brokencrypto.Crypto2,Crypto2,encrypt,BrokenCryptoABSCase1.java:39,InvalidSequenceOfMethodCalls,unknown
KeyGeneratorSpec,org.cryptoapi.bench.brokencrypto.BrokenCryptoABMC3,BrokenCryptoABMC3,go,BrokenCryptoABMC3.java:13,UnsafeAlgorithm,"expecting one ofAES,HmacSHA256,HmacSHA384,HmacSHA512 but found RC4."
KeyGeneratorSpec,org.cryptoapi.bench.brokencrypto.BrokenCryptoABMC3,BrokenCryptoABMC3,go,BrokenCryptoABMC3.java:13,InvalidSequenceOfMethodCalls,unknown
SecureRandomSpec,org.cryptoapi.bench.predictableseeds.PredictableSeedsABICase5,PredictableSeedsABICase5,method2,PredictableSeedsABICase5.java:17,UnsatisfiedConstraint,setSeed() expects a randomized byte array.
SecureRandomSpec,org.cryptoapi.bench.predictableseeds.PredictableSeedsABICase5,PredictableSeedsABICase5,method2,PredictableSeedsABICase5.java:17,InvalidSequenceOfMethodCalls,unknown
SecureRandomSpec,org.cryptoapi.bench.predictableseeds.PredictableSeedsABICase5,PredictableSeedsABICase5,method2,PredictableSeedsABICase5.java:18,InvalidSequenceOfMethodCalls,unknown
SecureRandomSpec,org.cryptoapi.bench.predictableseeds.CryptoPredictableSeed2,CryptoPredictableSeed2,method1,PredictableSeedsABSCase2.java:31,InvalidSequenceOfMethodCalls,unknown
SecureRandomSpec,org.cryptoapi.bench.predictableseeds.CryptoPredictableSeed2,CryptoPredictableSeed2,method1,PredictableSeedsABSCase2.java:32,InvalidSequenceOfMethodCalls,unknown
MacSpec,org.cryptoapi.bench.brokenmac.BrokenMacBBCase2,BrokenMacBBCase2,main,BrokenMacBBCase2.java:17,UnsafeAlgorithm," expecting one of HmacSHA256,HmacSHA384,HmacSHA512,HmacPBESHA1,PBEWithHmacSHA1,PBEWithHmacSHA224,PBEWithHmacSHA256,PBEWithHmacSHA384,PBEWithHmacSHA512 but found HmacSHA1."
MacSpec,org.cryptoapi.bench.brokenmac.BrokenMacBBCase2,BrokenMacBBCase2,main,BrokenMacBBCase2.java:17,InvalidSequenceOfMethodCalls,unknown
MacSpec,org.cryptoapi.bench.brokenmac.BrokenMacBBCase2,BrokenMacBBCase2,main,BrokenMacBBCase2.java:21,InvalidSequenceOfMethodCalls,unknown
KeyGeneratorSpec,org.cryptoapi.bench.brokencrypto.BrokenCryptoABICase4,BrokenCryptoABICase4,go,BrokenCryptoABICase4.java:13,UnsafeAlgorithm,"expecting one ofAES,HmacSHA256,HmacSHA384,HmacSHA512 but found RC2."
KeyGeneratorSpec,org.cryptoapi.bench.brokencrypto.BrokenCryptoABICase4,BrokenCryptoABICase4,go,BrokenCryptoABICase4.java:13,InvalidSequenceOfMethodCalls,unknown
PBEParameterSpec,org.cryptoapi.bench.staticsalts.StaticSaltsCorrected,StaticSaltsCorrected,key2,StaticSaltsCorrected.java:17,UnsafeAlgorithm,expecting at least 1000 iterations and a randomized salt.
PBEParameterSpec,org.cryptoapi.bench.staticsalts.StaticSaltsCorrected,StaticSaltsCorrected,key2,StaticSaltsCorrected.java:17,InvalidSequenceOfMethodCalls,unknown
MessageDigestSpec,org.cryptoapi.bench.brokenhash.BrokenHashBBCase4,BrokenHashBBCase4,main,BrokenHashBBCase4.java:10,UnsafeAlgorithm,"expecting one of {SHA-256, SHA-384, SHA-512} but found MD2."
MessageDigestSpec,org.cryptoapi.bench.brokenhash.BrokenHashBBCase4,BrokenHashBBCase4,main,BrokenHashBBCase4.java:10,InvalidSequenceOfMethodCalls,unknown
MessageDigestSpec,org.cryptoapi.bench.brokenhash.BrokenHashBBCase4,BrokenHashBBCase4,main,BrokenHashBBCase4.java:11,InvalidSequenceOfMethodCalls,unknown
PBEKeySpec,org.cryptoapi.bench.predictablepbepassword.PredictablePBEPasswordABICase3,PredictablePBEPasswordABICase3,method2,PredictablePBEPasswordABICase3.java:28,UnsatisfiedConstraint,first argument should have been randomized
PBEKeySpec,org.cryptoapi.bench.predictablepbepassword.PredictablePBEPasswordABICase3,PredictablePBEPasswordABICase3,method2,PredictablePBEPasswordABICase3.java:28,InvalidSequenceOfMethodCalls,unknown
KeyPairGeneratorSpec,org.cryptoapi.bench.insecureasymmetriccrypto.InsecureAsymmetricCipherABICase1,InsecureAsymmetricCipherABICase1,go,InsecureAsymmetricCipherABICase1.java:13,InvalidKeySize,invalid key size for algorithm RSA.
KeyPairGeneratorSpec,org.cryptoapi.bench.insecureasymmetriccrypto.InsecureAsymmetricCipherABICase1,InsecureAsymmetricCipherABICase1,go,InsecureAsymmetricCipherABICase1.java:13,InvalidSequenceOfMethodCalls,unknown
KeyPairGeneratorSpec,org.cryptoapi.bench.insecureasymmetriccrypto.InsecureAsymmetricCipherABICase1,InsecureAsymmetricCipherABICase1,go,InsecureAsymmetricCipherABICase1.java:14,InvalidSequenceOfMethodCalls,unknown
KeyPairSpec,org.cryptoapi.bench.insecureasymmetriccrypto.InsecureAsymmetricCipherABICase1,InsecureAsymmetricCipherABICase1,go,InsecureAsymmetricCipherABICase1.java:17,InvalidSequenceOfMethodCalls,unknown
KeyPairSpec,org.cryptoapi.bench.insecureasymmetriccrypto.InsecureAsymmetricCipherABICase1,InsecureAsymmetricCipherABICase1,go,InsecureAsymmetricCipherABICase1.java:25,InvalidSequenceOfMethodCalls,unknown
SecretKeySpecSpec,org.cryptoapi.bench.predictablecryptographickey.PredictableCryptographicKeyABHCase2,PredictableCryptographicKeyABHCase2,main,PredictableCryptographicKeyABHCase2.java:33,UnsatisfiedConstraint,Using either an invalid algorithm or keyMaterial.length is not randomized.
SecretKeySpecSpec,org.cryptoapi.bench.predictablecryptographickey.PredictableCryptographicKeyABHCase2,PredictableCryptographicKeyABHCase2,main,PredictableCryptographicKeyABHCase2.java:33,InvalidSequenceOfMethodCalls,unknown
PBEParameterSpec,org.cryptoapi.bench.pbeiteration.LessThan1000IterationPBEABICase2,LessThan1000IterationPBEABICase2,key2,LessThan1000IterationPBEABICase2.java:28,UnsafeAlgorithm,expecting at least 1000 iterations and a randomized salt.
PBEParameterSpec,org.cryptoapi.bench.pbeiteration.LessThan1000IterationPBEABICase2,LessThan1000IterationPBEABICase2,key2,LessThan1000IterationPBEABICase2.java:28,InvalidSequenceOfMethodCalls,unknown
MessageDigestSpec,org.cryptoapi.bench.brokenhash.CryptoHash1,CryptoHash1,encrypt,BrokenHashABSCase1.java:31,UnsafeAlgorithm,"expecting one of {SHA-256, SHA-384, SHA-512} but found SHA1."
MessageDigestSpec,org.cryptoapi.bench.brokenhash.CryptoHash1,CryptoHash1,encrypt,BrokenHashABSCase1.java:31,InvalidSequenceOfMethodCalls,unknown
MessageDigestSpec,org.cryptoapi.bench.brokenhash.CryptoHash1,CryptoHash1,encrypt,BrokenHashABSCase1.java:32,InvalidSequenceOfMethodCalls,unknown
SecretKeySpecSpec,org.cryptoapi.bench.credentialinstring.CredentialInStringABMC1,CredentialInStringABMC1,go,CredentialInStringABMC1.java:10,UnsatisfiedConstraint,Using either an invalid algorithm or keyMaterial.length is not randomized.
SecretKeySpecSpec,org.cryptoapi.bench.credentialinstring.CredentialInStringABMC1,CredentialInStringABMC1,go,CredentialInStringABMC1.java:10,InvalidSequenceOfMethodCalls,unknown
CipherSpec,org.cryptoapi.bench.ecbcrypto.EcbInSymmCryptoABICase1,EcbInSymmCryptoABICase1,go,EcbInSymmCryptoABICase1.java:15,UnsafeAlgorithm,"expecting one of {AES/CBC/PKCS5Padding, AES/PCBC/ISO10126Padding, ...} but found AES/ECB/PKCS5Padding."
CipherSpec,org.cryptoapi.bench.ecbcrypto.EcbInSymmCryptoABICase1,EcbInSymmCryptoABICase1,go,EcbInSymmCryptoABICase1.java:15,InvalidSequenceOfMethodCalls,unknown
MessageDigestSpec,org.cryptoapi.bench.brokenhash.BrokenHashABICase8,BrokenHashABICase8,go,BrokenHashABICase8.java:26,UnsafeAlgorithm,"expecting one of {SHA-256, SHA-384, SHA-512} but found MD2."
MessageDigestSpec,org.cryptoapi.bench.brokenhash.BrokenHashABICase8,BrokenHashABICase8,go,BrokenHashABICase8.java:26,InvalidSequenceOfMethodCalls,unknown
MessageDigestSpec,org.cryptoapi.bench.brokenhash.BrokenHashABICase8,BrokenHashABICase8,go,BrokenHashABICase8.java:27,InvalidSequenceOfMethodCalls,unknown
KeyGeneratorSpec,org.cryptoapi.bench.brokencrypto.BrokenCryptoBBCase3,BrokenCryptoBBCase3,go,BrokenCryptoBBCase3.java:13,UnsafeAlgorithm,"expecting one ofAES,HmacSHA256,HmacSHA384,HmacSHA512 but found RC4."
KeyGeneratorSpec,org.cryptoapi.bench.brokencrypto.BrokenCryptoBBCase3,BrokenCryptoBBCase3,go,BrokenCryptoBBCase3.java:13,InvalidSequenceOfMethodCalls,unknown
PBEParameterSpec,org.cryptoapi.bench.pbeiteration.LessThan1000IterationPBEABICase3,LessThan1000IterationPBEABICase3,method1,LessThan1000IterationPBEABICase3.java:20,UnsafeAlgorithm,expecting at least 1000 iterations and a randomized salt.
PBEParameterSpec,org.cryptoapi.bench.pbeiteration.LessThan1000IterationPBEABICase3,LessThan1000IterationPBEABICase3,method1,LessThan1000IterationPBEABICase3.java:20,InvalidSequenceOfMethodCalls,unknown
SecureRandomSpec,org.cryptoapi.bench.predictableseeds.PredictableSeedsABHCase2,PredictableSeedsABHCase2,main,PredictableSeedsABHCase2.java:19,UnsatisfiedConstraint,setSeed() expects a randomized byte array.
SecureRandomSpec,org.cryptoapi.bench.predictableseeds.PredictableSeedsABHCase2,PredictableSeedsABHCase2,main,PredictableSeedsABHCase2.java:19,InvalidSequenceOfMethodCalls,unknown
SecureRandomSpec,org.cryptoapi.bench.predictableseeds.PredictableSeedsABHCase2,PredictableSeedsABHCase2,main,PredictableSeedsABHCase2.java:20,InvalidSequenceOfMethodCalls,unknown
KeyPairGeneratorSpec,org.cryptoapi.bench.insecureasymmetriccrypto.InsecureAsymmetricCipherABMC1,InsecureAsymmetricCipherABMC1,go,InsecureAsymmetricCipherABMC1.java:14,InvalidKeySize,invalid key size for algorithm RSA.
KeyPairGeneratorSpec,org.cryptoapi.bench.insecureasymmetriccrypto.InsecureAsymmetricCipherABMC1,InsecureAsymmetricCipherABMC1,go,InsecureAsymmetricCipherABMC1.java:14,InvalidSequenceOfMethodCalls,unknown
KeyPairGeneratorSpec,org.cryptoapi.bench.insecureasymmetriccrypto.InsecureAsymmetricCipherABMC1,InsecureAsymmetricCipherABMC1,go,InsecureAsymmetricCipherABMC1.java:15,InvalidSequenceOfMethodCalls,unknown
KeyPairSpec,org.cryptoapi.bench.insecureasymmetriccrypto.InsecureAsymmetricCipherABMC1,InsecureAsymmetricCipherABMC1,go,InsecureAsymmetricCipherABMC1.java:19,InvalidSequenceOfMethodCalls,unknown
KeyPairSpec,org.cryptoapi.bench.insecureasymmetriccrypto.InsecureAsymmetricCipherABMC1,InsecureAsymmetricCipherABMC1,go,InsecureAsymmetricCipherABMC1.java:26,InvalidSequenceOfMethodCalls,unknown
SecureRandomSpec,org.cryptoapi.bench.predictablepbepassword.PredictablePBEPasswordCorrected,PredictablePBEPasswordCorrected,key,PredictablePBEPasswordCorrected.java:19,InvalidSequenceOfMethodCalls,unknown
KeyGeneratorSpec,org.cryptoapi.bench.brokencrypto.BrokenCryptoABICase15,BrokenCryptoABICase15,method1,BrokenCryptoABICase15.java:17,UnsafeAlgorithm,"expecting one ofAES,HmacSHA256,HmacSHA384,HmacSHA512 but found DES."
KeyGeneratorSpec,org.cryptoapi.bench.brokencrypto.BrokenCryptoABICase15,BrokenCryptoABICase15,method1,BrokenCryptoABICase15.java:17,InvalidSequenceOfMethodCalls,unknown
PBEParameterSpec,org.cryptoapi.bench.staticsalts.StaticSaltsABICase3,StaticSaltsABICase3,method2,StaticSaltsABICase3.java:18,UnsafeAlgorithm,expecting at least 1000 iterations and a randomized salt.
PBEParameterSpec,org.cryptoapi.bench.staticsalts.StaticSaltsABICase3,StaticSaltsABICase3,method2,StaticSaltsABICase3.java:18,InvalidSequenceOfMethodCalls,unknown
MessageDigestSpec,org.cryptoapi.bench.brokenhash.BrokenHashABICase9,BrokenHashABICase9,method1,BrokenHashABICase9.java:19,UnsafeAlgorithm,"expecting one of {SHA-256, SHA-384, SHA-512} but found SHA1."
MessageDigestSpec,org.cryptoapi.bench.brokenhash.BrokenHashABICase9,BrokenHashABICase9,method1,BrokenHashABICase9.java:19,InvalidSequenceOfMethodCalls,unknown
MessageDigestSpec,org.cryptoapi.bench.brokenhash.BrokenHashABICase9,BrokenHashABICase9,method1,BrokenHashABICase9.java:20,InvalidSequenceOfMethodCalls,unknown
KeyGeneratorSpec,org.cryptoapi.bench.brokencrypto.BrokenCryptoABICase13,BrokenCryptoABICase13,method1,BrokenCryptoABICase13.java:18,UnsafeAlgorithm,"expecting one ofAES,HmacSHA256,HmacSHA384,HmacSHA512 but found RC4."
KeyGeneratorSpec,org.cryptoapi.bench.brokencrypto.BrokenCryptoABICase13,BrokenCryptoABICase13,method1,BrokenCryptoABICase13.java:18,InvalidSequenceOfMethodCalls,unknown
KeyPairGeneratorSpec,org.cryptoapi.bench.insecureasymmetriccrypto.InsecureAsymmetricCipherABICase3,InsecureAsymmetricCipherABICase3,method1,InsecureAsymmetricCipherABICase3.java:19,InvalidKeySize,invalid key size for algorithm RSA.
KeyPairGeneratorSpec,org.cryptoapi.bench.insecureasymmetriccrypto.InsecureAsymmetricCipherABICase3,InsecureAsymmetricCipherABICase3,method1,InsecureAsymmetricCipherABICase3.java:19,InvalidSequenceOfMethodCalls,unknown
KeyPairGeneratorSpec,org.cryptoapi.bench.insecureasymmetriccrypto.InsecureAsymmetricCipherABICase3,InsecureAsymmetricCipherABICase3,method1,InsecureAsymmetricCipherABICase3.java:20,InvalidSequenceOfMethodCalls,unknown
KeyPairSpec,org.cryptoapi.bench.insecureasymmetriccrypto.InsecureAsymmetricCipherABICase3,InsecureAsymmetricCipherABICase3,method1,InsecureAsymmetricCipherABICase3.java:24,InvalidSequenceOfMethodCalls,unknown
KeyPairSpec,org.cryptoapi.bench.insecureasymmetriccrypto.InsecureAsymmetricCipherABICase3,InsecureAsymmetricCipherABICase3,method1,InsecureAsymmetricCipherABICase3.java:32,InvalidSequenceOfMethodCalls,unknown
PBEKeySpec,org.cryptoapi.bench.predictablepbepassword.PredictablePBEPasswordABICase1,PredictablePBEPasswordABICase1,go,PredictablePBEPasswordABICase1.java:22,UnsatisfiedConstraint,first argument should have been randomized
PBEKeySpec,org.cryptoapi.bench.predictablepbepassword.PredictablePBEPasswordABICase1,PredictablePBEPasswordABICase1,go,PredictablePBEPasswordABICase1.java:22,InvalidSequenceOfMethodCalls,unknown
SecretKeySpecSpec,org.cryptoapi.bench.credentialinstring.CredentialInStringBBCase1,CredentialInStringBBCase1,main,CredentialInStringBBCase1.java:21,UnsatisfiedConstraint,Using either an invalid algorithm or keyMaterial.length is not randomized.
SecretKeySpecSpec,org.cryptoapi.bench.credentialinstring.CredentialInStringBBCase1,CredentialInStringBBCase1,main,CredentialInStringBBCase1.java:21,InvalidSequenceOfMethodCalls,unknown
CipherSpec,org.cryptoapi.bench.credentialinstring.CredentialInStringBBCase1,CredentialInStringBBCase1,main,CredentialInStringBBCase1.java:27,InvalidSequenceOfMethodCalls,unknown
SecureRandomSpec,org.cryptoapi.bench.predictableseeds.PredictableSeedsABICase3,PredictableSeedsABICase3,go,PredictableSeedsABICase3.java:25,UnsatisfiedConstraint,setSeed() expects a randomized byte array.
SecureRandomSpec,org.cryptoapi.bench.predictableseeds.PredictableSeedsABICase3,PredictableSeedsABICase3,go,PredictableSeedsABICase3.java:25,InvalidSequenceOfMethodCalls,unknown
SecureRandomSpec,org.cryptoapi.bench.predictableseeds.PredictableSeedsABICase3,PredictableSeedsABICase3,go,PredictableSeedsABICase3.java:26,InvalidSequenceOfMethodCalls,unknown
IvParameterSpecSpec,org.cryptoapi.bench.staticinitializationvector.StaticInitializationVectorABMC1,StaticInitializationVectorABMC1,go,StaticInitializationVectorABMC1.java:14,UnsatisfiedConstraint,unknown
IvParameterSpecSpec,org.cryptoapi.bench.staticinitializationvector.StaticInitializationVectorABMC1,StaticInitializationVectorABMC1,go,StaticInitializationVectorABMC1.java:14,InvalidSequenceOfMethodCalls,unknown
KeyGeneratorSpec,org.cryptoapi.bench.brokencrypto.Crypto6,Crypto6,encrypt,BrokenCryptoABSCase5.java:28,UnsafeAlgorithm,"expecting one ofAES,HmacSHA256,HmacSHA384,HmacSHA512 but found DES."
KeyGeneratorSpec,org.cryptoapi.bench.brokencrypto.Crypto6,Crypto6,encrypt,BrokenCryptoABSCase5.java:28,InvalidSequenceOfMethodCalls,unknown
CipherSpec,org.cryptoapi.bench.brokencrypto.Crypto6,Crypto6,encrypt,BrokenCryptoABSCase5.java:33,InvalidSequenceOfMethodCalls,unknown
MessageDigestSpec,org.cryptoapi.bench.brokenhash.BrokenHashABICase5,BrokenHashABICase5,go,BrokenHashABICase5.java:26,UnsafeAlgorithm,"expecting one of {SHA-256, SHA-384, SHA-512} but found SHA1."
MessageDigestSpec,org.cryptoapi.bench.brokenhash.BrokenHashABICase5,BrokenHashABICase5,go,BrokenHashABICase5.java:26,InvalidSequenceOfMethodCalls,unknown
MessageDigestSpec,org.cryptoapi.bench.brokenhash.BrokenHashABICase5,BrokenHashABICase5,go,BrokenHashABICase5.java:27,InvalidSequenceOfMethodCalls,unknown
SecureRandomSpec,org.cryptoapi.bench.predictableseeds.PredictableSeedsBBCase2,PredictableSeedsBBCase2,main,PredictableSeedsBBCase2.java:8,InvalidSequenceOfMethodCalls,unknown
SecureRandomSpec,org.cryptoapi.bench.predictableseeds.PredictableSeedsBBCase2,PredictableSeedsBBCase2,main,PredictableSeedsBBCase2.java:9,InvalidSequenceOfMethodCalls,unknown
SecretKeySpecSpec,org.cryptoapi.bench.predictablecryptographickey.PredictableCryptographicKeyABICase2,PredictableCryptographicKeyABICase2,go,PredictableCryptographicKeyABICase2.java:26,UnsatisfiedConstraint,Using either an invalid algorithm or keyMaterial.length is not randomized.
SecretKeySpecSpec,org.cryptoapi.bench.predictablecryptographickey.PredictableCryptographicKeyABICase2,PredictableCryptographicKeyABICase2,go,PredictableCryptographicKeyABICase2.java:26,InvalidSequenceOfMethodCalls,unknown
MessageDigestSpec,org.cryptoapi.bench.brokenhash.CryptoHash3,CryptoHash3,encrypt,BrokenHashABSCase3.java:31,UnsafeAlgorithm,"expecting one of {SHA-256, SHA-384, SHA-512} but found MD5."
MessageDigestSpec,org.cryptoapi.bench.brokenhash.CryptoHash3,CryptoHash3,encrypt,BrokenHashABSCase3.java:31,InvalidSequenceOfMethodCalls,unknown
MessageDigestSpec,org.cryptoapi.bench.brokenhash.CryptoHash3,CryptoHash3,encrypt,BrokenHashABSCase3.java:32,InvalidSequenceOfMethodCalls,unknown
PBEParameterSpec,org.cryptoapi.bench.pbeiteration.LessThan1000IterationPBEABHCase1,LessThan1000IterationPBEABHCase1,key2,LessThan1000IterationPBEABHCase1.java:27,UnsafeAlgorithm,expecting at least 1000 iterations and a randomized salt.
PBEParameterSpec,org.cryptoapi.bench.pbeiteration.LessThan1000IterationPBEABHCase1,LessThan1000IterationPBEABHCase1,key2,LessThan1000IterationPBEABHCase1.java:27,InvalidSequenceOfMethodCalls,unknown
PBEParameterSpec,org.cryptoapi.bench.staticsalts.StaticSaltsABMC1,StaticSaltsABMC1,key2,StaticSaltsABMC1.java:8,UnsafeAlgorithm,expecting at least 1000 iterations and a randomized salt.
PBEParameterSpec,org.cryptoapi.bench.staticsalts.StaticSaltsABMC1,StaticSaltsABMC1,key2,StaticSaltsABMC1.java:8,InvalidSequenceOfMethodCalls,unknown
KeyGeneratorSpec,org.cryptoapi.bench.brokencrypto.BrokenCryptoABICase5,BrokenCryptoABICase5,go,BrokenCryptoABICase5.java:21,UnsafeAlgorithm,"expecting one ofAES,HmacSHA256,HmacSHA384,HmacSHA512 but found DES."
KeyGeneratorSpec,org.cryptoapi.bench.brokencrypto.BrokenCryptoABICase5,BrokenCryptoABICase5,go,BrokenCryptoABICase5.java:21,InvalidSequenceOfMethodCalls,unknown
SecureRandomSpec,org.cryptoapi.bench.predictableseeds.PredictableSeedsABHCase4,PredictableSeedsABHCase4,main,PredictableSeedsABHCase4.java:22,InvalidSequenceOfMethodCalls,unknown
SecureRandomSpec,org.cryptoapi.bench.predictableseeds.PredictableSeedsABHCase4,PredictableSeedsABHCase4,main,PredictableSeedsABHCase4.java:23,InvalidSequenceOfMethodCalls,unknown
MessageDigestSpec,org.cryptoapi.bench.brokenhash.BrokenHashABICase12,BrokenHashABICase12,method1,BrokenHashABICase12.java:19,UnsafeAlgorithm,"expecting one of {SHA-256, SHA-384, SHA-512} but found MD2."
MessageDigestSpec,org.cryptoapi.bench.brokenhash.BrokenHashABICase12,BrokenHashABICase12,method1,BrokenHashABICase12.java:19,InvalidSequenceOfMethodCalls,unknown
MessageDigestSpec,org.cryptoapi.bench.brokenhash.BrokenHashABICase12,BrokenHashABICase12,method1,BrokenHashABICase12.java:20,InvalidSequenceOfMethodCalls,unknown
IvParameterSpecSpec,org.cryptoapi.bench.staticinitializationvector.StaticInitializationVectorABHCase2,StaticInitializationVectorABHCase2,go,StaticInitializationVectorABHCase2.java:31,UnsatisfiedConstraint,unknown
IvParameterSpecSpec,org.cryptoapi.bench.staticinitializationvector.StaticInitializationVectorABHCase2,StaticInitializationVectorABHCase2,go,StaticInitializationVectorABHCase2.java:31,InvalidSequenceOfMethodCalls,unknown
PBEParameterSpec,org.cryptoapi.bench.pbeiteration.LessThan1000IterationPBEABPSCase1,LessThan1000IterationPBEABPSCase1,main,LessThan1000IterationPBEABPSCase1.java:17,UnsafeAlgorithm,expecting at least 1000 iterations and a randomized salt.
PBEParameterSpec,org.cryptoapi.bench.pbeiteration.LessThan1000IterationPBEABPSCase1,LessThan1000IterationPBEABPSCase1,main,LessThan1000IterationPBEABPSCase1.java:17,InvalidSequenceOfMethodCalls,unknown
MessageDigestSpec,org.cryptoapi.bench.brokenhash.BrokenHashABICase4,BrokenHashABICase4,go,BrokenHashABICase4.java:14,UnsafeAlgorithm,"expecting one of {SHA-256, SHA-384, SHA-512} but found MD2."
MessageDigestSpec,org.cryptoapi.bench.brokenhash.BrokenHashABICase4,BrokenHashABICase4,go,BrokenHashABICase4.java:14,InvalidSequenceOfMethodCalls,unknown
MessageDigestSpec,org.cryptoapi.bench.brokenhash.BrokenHashABICase4,BrokenHashABICase4,go,BrokenHashABICase4.java:15,InvalidSequenceOfMethodCalls,unknown
KeyGeneratorSpec,org.cryptoapi.bench.brokencrypto.BrokenCryptoABICase12,BrokenCryptoABICase12,method1,BrokenCryptoABICase12.java:16,UnsafeAlgorithm,"expecting one ofAES,HmacSHA256,HmacSHA384,HmacSHA512 but found Blowfish."
KeyGeneratorSpec,org.cryptoapi.bench.brokencrypto.BrokenCryptoABICase12,BrokenCryptoABICase12,method1,BrokenCryptoABICase12.java:16,InvalidSequenceOfMethodCalls,unknown
SecureRandomSpec,org.cryptoapi.bench.predictableseeds.PredictableSeedsABICase6,PredictableSeedsABICase6,method2,PredictableSeedsABICase6.java:16,InvalidSequenceOfMethodCalls,unknown
SecureRandomSpec,org.cryptoapi.bench.predictableseeds.PredictableSeedsABICase6,PredictableSeedsABICase6,method2,PredictableSeedsABICase6.java:17,InvalidSequenceOfMethodCalls,unknown
