Spec,class,className,method,message
rule_R18,org.owasp.benchmark.testcode.BenchmarkTest01357,BenchmarkTest01357,doPost,Random() called
rule_R01,org.owasp.benchmark.testcode.BenchmarkTest00634,BenchmarkTest00634,doPost,algorithm: SHA1
rule_R01,org.owasp.benchmark.testcode.BenchmarkTest00634,BenchmarkTest00634,doGet,algorithm: SHA1
rule_R01,org.owasp.benchmark.testcode.BenchmarkTest02573,BenchmarkTest02573,doPost,algorithm: SHA1
rule_R01,org.owasp.benchmark.testcode.BenchmarkTest02573,BenchmarkTest02573,doGet,algorithm: SHA1
rule_R01,org.owasp.benchmark.testcode.BenchmarkTest00374,BenchmarkTest00374,doPost,algorithm: MD5
rule_R18,org.owasp.benchmark.testcode.BenchmarkTest01677,BenchmarkTest01677,doPost,Random() called
rule_R18,org.owasp.benchmark.testcode.BenchmarkTest01677,BenchmarkTest01677,doGet,Random() called
rule_R01,org.owasp.benchmark.testcode.BenchmarkTest02475,BenchmarkTest02475,doPost,algorithm: MD5
rule_R01,org.owasp.benchmark.testcode.BenchmarkTest01580,BenchmarkTest01580,doPost,algorithm: MD5
rule_R02,org.owasp.benchmark.testcode.BenchmarkTest01489,BenchmarkTest01489,doPost,algorithm: DES/ECB/PKCS5Padding
rule_R01,org.owasp.benchmark.testcode.BenchmarkTest01649,BenchmarkTest01649,doPost,algorithm: SHA1
rule_R01,org.owasp.benchmark.testcode.BenchmarkTest01649,BenchmarkTest01649,doGet,algorithm: SHA1
rule_R18,org.owasp.benchmark.testcode.BenchmarkTest00563,BenchmarkTest00563,doPost,Random() called
rule_R18,org.owasp.benchmark.testcode.BenchmarkTest00299,BenchmarkTest00299,doPost,Random() called
rule_R18,org.owasp.benchmark.testcode.BenchmarkTest02338,BenchmarkTest02338,doPost,Random() called
rule_R18,org.owasp.benchmark.testcode.BenchmarkTest02706,BenchmarkTest02706,doPost,Random() called
rule_R18,org.owasp.benchmark.testcode.BenchmarkTest02605,BenchmarkTest02605,doPost,Random() called
rule_R18,org.owasp.benchmark.testcode.BenchmarkTest02605,BenchmarkTest02605,doGet,Random() called
rule_R02,org.owasp.benchmark.testcode.BenchmarkTest00035,BenchmarkTest00035,doPost,algorithm: DES/ECB/PKCS5Padding
rule_R02,org.owasp.benchmark.testcode.BenchmarkTest01637,BenchmarkTest01637,doPost,algorithm: DES/CBC/PKCS5Padding
rule_R02,org.owasp.benchmark.testcode.BenchmarkTest01637,BenchmarkTest01637,doGet,algorithm: DES/CBC/PKCS5Padding
rule_R03,org.owasp.benchmark.testcode.BenchmarkTest01980,BenchmarkTest01980,doPost,out bytes: 24 with DES/ECB/PKCS5Padding
rule_R18,org.owasp.benchmark.testcode.BenchmarkTest01131,BenchmarkTest01131,doPost,Random() called
rule_R18,org.owasp.benchmark.testcode.BenchmarkTest02708,BenchmarkTest02708,doPost,Random() called
rule_R01,org.owasp.benchmark.testcode.BenchmarkTest00536,BenchmarkTest00536,doPost,algorithm: MD5
rule_R18,org.owasp.benchmark.testcode.BenchmarkTest02060,BenchmarkTest02060,doPost,Random() called
rule_R02,org.owasp.benchmark.testcode.BenchmarkTest00257,BenchmarkTest00257,doPost,algorithm: DES/CBC/PKCS5Padding
rule_R02,org.owasp.benchmark.testcode.BenchmarkTest01148,BenchmarkTest01148,doPost,algorithm: DES/CBC/PKCS5Padding
rule_R02,org.owasp.benchmark.testcode.BenchmarkTest00354,BenchmarkTest00354,doPost,algorithm: DES/ECB/PKCS5Padding
rule_R18,org.owasp.benchmark.testcode.BenchmarkTest00398,BenchmarkTest00398,doPost,Random() called
rule_R01,org.owasp.benchmark.testcode.BenchmarkTest01165,BenchmarkTest01165,doPost,algorithm: SHA1
rule_R02,org.owasp.benchmark.testcode.BenchmarkTest00685,BenchmarkTest00685,doPost,algorithm: DES/CBC/PKCS5PADDING
rule_R01,org.owasp.benchmark.testcode.BenchmarkTest00227,BenchmarkTest00227,doPost,algorithm: MD5
rule_R03,org.owasp.benchmark.testcode.BenchmarkTest01230,BenchmarkTest01230,doPost,out bytes: 24 with DES/ECB/PKCS5Padding
rule_R18,org.owasp.benchmark.testcode.BenchmarkTest00489,BenchmarkTest00489,doPost,Random() called
rule_R18,org.owasp.benchmark.testcode.BenchmarkTest02140,BenchmarkTest02140,doPost,Random() called
rule_R02,org.owasp.benchmark.testcode.BenchmarkTest00019,BenchmarkTest00019,doPost,algorithm: DES/ECB/PKCS5Padding
rule_R01,org.owasp.benchmark.testcode.BenchmarkTest01168,BenchmarkTest01168,doPost,algorithm: MD5
rule_R02,org.owasp.benchmark.testcode.BenchmarkTest00692,BenchmarkTest00692,doPost,algorithm: DES/CBC/PKCS5Padding
rule_R02,org.owasp.benchmark.testcode.BenchmarkTest00857,BenchmarkTest00857,doPost,algorithm: DES/CBC/PKCS5Padding
rule_R02,org.owasp.benchmark.testcode.BenchmarkTest00857,BenchmarkTest00857,doGet,algorithm: DES/CBC/PKCS5Padding
rule_R18,org.owasp.benchmark.testcode.BenchmarkTest01859,BenchmarkTest01859,doPost,Random() called
rule_R01,org.owasp.benchmark.testcode.BenchmarkTest00532,BenchmarkTest00532,doPost,algorithm: SHA1
rule_R02,org.owasp.benchmark.testcode.BenchmarkTest01742,BenchmarkTest01742,doPost,algorithm: DES/ECB/PKCS5Padding
rule_R02,org.owasp.benchmark.testcode.BenchmarkTest00617,BenchmarkTest00617,doPost,algorithm: DES/ECB/PKCS5Padding
rule_R18,org.owasp.benchmark.testcode.BenchmarkTest00085,BenchmarkTest00085,doPost,Random() called
rule_R18,org.owasp.benchmark.testcode.BenchmarkTest01130,BenchmarkTest01130,doPost,Random() called
rule_R18,org.owasp.benchmark.testcode.BenchmarkTest02246,BenchmarkTest02246,doPost,Random() called
rule_R18,org.owasp.benchmark.testcode.BenchmarkTest02707,BenchmarkTest02707,doPost,Random() called
rule_R18,org.owasp.benchmark.testcode.BenchmarkTest02707,BenchmarkTest02707,doGet,Random() called
rule_R02,org.owasp.benchmark.testcode.BenchmarkTest01106,BenchmarkTest01106,doPost,algorithm: DES/ECB/PKCS5Padding
rule_R02,org.owasp.benchmark.testcode.BenchmarkTest01741,BenchmarkTest01741,doPost,algorithm: DES/ECB/PKCS5Padding
rule_R02,org.owasp.benchmark.testcode.BenchmarkTest01741,BenchmarkTest01741,doGet,algorithm: DES/ECB/PKCS5Padding
rule_R18,org.owasp.benchmark.testcode.BenchmarkTest02423,BenchmarkTest02423,doPost,Random() called
rule_R02,org.owasp.benchmark.testcode.BenchmarkTest00448,BenchmarkTest00448,doPost,algorithm: DES/ECB/PKCS5Padding
rule_R01,org.owasp.benchmark.testcode.BenchmarkTest02574,BenchmarkTest02574,doPost,algorithm: SHA1
rule_R01,org.owasp.benchmark.testcode.BenchmarkTest02574,BenchmarkTest02574,doGet,algorithm: SHA1
rule_R18,org.owasp.benchmark.testcode.BenchmarkTest00400,BenchmarkTest00400,doPost,Random() called
rule_R18,org.owasp.benchmark.testcode.BenchmarkTest00484,BenchmarkTest00484,doPost,Random() called
rule_R01,org.owasp.benchmark.testcode.BenchmarkTest02212,BenchmarkTest02212,doPost,algorithm: SHA1
rule_R18,org.owasp.benchmark.testcode.BenchmarkTest00239,BenchmarkTest00239,doPost,Random() called
rule_R01,org.owasp.benchmark.testcode.BenchmarkTest02042,BenchmarkTest02042,doPost,algorithm: SHA1
rule_R01,org.owasp.benchmark.testcode.BenchmarkTest02219,BenchmarkTest02219,doPost,algorithm: MD5
rule_R18,org.owasp.benchmark.testcode.BenchmarkTest01271,BenchmarkTest01271,doPost,Random() called
rule_R01,org.owasp.benchmark.testcode.BenchmarkTest01654,BenchmarkTest01654,doPost,algorithm: MD5
rule_R01,org.owasp.benchmark.testcode.BenchmarkTest01654,BenchmarkTest01654,doGet,algorithm: MD5
rule_R18,org.owasp.benchmark.testcode.BenchmarkTest01785,BenchmarkTest01785,doPost,Random() called
rule_R18,org.owasp.benchmark.testcode.BenchmarkTest02503,BenchmarkTest02503,doPost,Random() called
rule_R01,org.owasp.benchmark.testcode.BenchmarkTest00266,BenchmarkTest00266,doPost,algorithm: SHA1
rule_R18,org.owasp.benchmark.testcode.BenchmarkTest00233,BenchmarkTest00233,doPost,Random() called
rule_R01,org.owasp.benchmark.testcode.BenchmarkTest01997,BenchmarkTest01997,doPost,algorithm: MD5
rule_R18,org.owasp.benchmark.testcode.BenchmarkTest01275,BenchmarkTest01275,doPost,Random() called
rule_R02,org.owasp.benchmark.testcode.BenchmarkTest02290,BenchmarkTest02290,doPost,algorithm: DES/CBC/PKCS5Padding
rule_R02,org.owasp.benchmark.testcode.BenchmarkTest00855,BenchmarkTest00855,doPost,algorithm: DES/CBC/PKCS5Padding
rule_R02,org.owasp.benchmark.testcode.BenchmarkTest00859,BenchmarkTest00859,doPost,algorithm: DES/ECB/PKCS5Padding
rule_R01,org.owasp.benchmark.testcode.BenchmarkTest00465,BenchmarkTest00465,doPost,algorithm: MD5
rule_R18,org.owasp.benchmark.testcode.BenchmarkTest02602,BenchmarkTest02602,doPost,Random() called
rule_R18,org.owasp.benchmark.testcode.BenchmarkTest02602,BenchmarkTest02602,doGet,Random() called
rule_R18,org.owasp.benchmark.testcode.BenchmarkTest01358,BenchmarkTest01358,doPost,Random() called
rule_R18,org.owasp.benchmark.testcode.BenchmarkTest01358,BenchmarkTest01358,doGet,Random() called
rule_R18,org.owasp.benchmark.testcode.BenchmarkTest00562,BenchmarkTest00562,doPost,Random() called
rule_R01,org.owasp.benchmark.testcode.BenchmarkTest02575,BenchmarkTest02575,doPost,algorithm: MD5
rule_R01,org.owasp.benchmark.testcode.BenchmarkTest02575,BenchmarkTest02575,doGet,algorithm: MD5
rule_R01,org.owasp.benchmark.testcode.BenchmarkTest01765,BenchmarkTest01765,doPost,algorithm: MD5
rule_R01,org.owasp.benchmark.testcode.BenchmarkTest00464,BenchmarkTest00464,doPost,algorithm: SHA1
rule_R01,org.owasp.benchmark.testcode.BenchmarkTest02217,BenchmarkTest02217,doPost,algorithm: MD5
rule_R01,org.owasp.benchmark.testcode.BenchmarkTest02121,BenchmarkTest02121,doPost,algorithm: MD5
rule_R02,org.owasp.benchmark.testcode.BenchmarkTest01103,BenchmarkTest01103,doPost,algorithm: DES/CBC/PKCS5Padding
rule_R18,org.owasp.benchmark.testcode.BenchmarkTest00347,BenchmarkTest00347,doPost,Random() called
rule_R18,org.owasp.benchmark.testcode.BenchmarkTest01133,BenchmarkTest01133,doPost,Random() called
rule_R01,org.owasp.benchmark.testcode.BenchmarkTest01579,BenchmarkTest01579,doPost,algorithm: MD5
rule_R18,org.owasp.benchmark.testcode.BenchmarkTest01787,BenchmarkTest01787,doPost,Random() called
rule_R02,org.owasp.benchmark.testcode.BenchmarkTest01102,BenchmarkTest01102,doPost,algorithm: DES/CBC/PKCS5Padding
rule_R18,org.owasp.benchmark.testcode.BenchmarkTest01999,BenchmarkTest01999,doPost,Random() called
rule_R18,org.owasp.benchmark.testcode.BenchmarkTest02505,BenchmarkTest02505,doPost,Random() called
rule_R01,org.owasp.benchmark.testcode.BenchmarkTest02671,BenchmarkTest02671,doPost,algorithm: SHA1
rule_R01,org.owasp.benchmark.testcode.BenchmarkTest02311,BenchmarkTest02311,doPost,algorithm: MD5
rule_R18,org.owasp.benchmark.testcode.BenchmarkTest00482,BenchmarkTest00482,doPost,Random() called
rule_R18,org.owasp.benchmark.testcode.BenchmarkTest00482,BenchmarkTest00482,doGet,Random() called
rule_R01,org.owasp.benchmark.testcode.BenchmarkTest00796,BenchmarkTest00796,doPost,algorithm: MD5
rule_R01,org.owasp.benchmark.testcode.BenchmarkTest00796,BenchmarkTest00796,doGet,algorithm: MD5
rule_R18,org.owasp.benchmark.testcode.BenchmarkTest02425,BenchmarkTest02425,doPost,Random() called
rule_R18,org.owasp.benchmark.testcode.BenchmarkTest02426,BenchmarkTest02426,doPost,Random() called
rule_R01,org.owasp.benchmark.testcode.BenchmarkTest01761,BenchmarkTest01761,doPost,algorithm: SHA1
rule_R01,org.owasp.benchmark.testcode.BenchmarkTest01761,BenchmarkTest01761,doGet,algorithm: SHA1
rule_R18,org.owasp.benchmark.testcode.BenchmarkTest00561,BenchmarkTest00561,doPost,Random() called
rule_R02,org.owasp.benchmark.testcode.BenchmarkTest01486,BenchmarkTest01486,doPost,algorithm: DES/CBC/PKCS5Padding
rule_R02,org.owasp.benchmark.testcode.BenchmarkTest01486,BenchmarkTest01486,doGet,algorithm: DES/CBC/PKCS5Padding
rule_R18,org.owasp.benchmark.testcode.BenchmarkTest01279,BenchmarkTest01279,doPost,Random() called
rule_R01,org.owasp.benchmark.testcode.BenchmarkTest01504,BenchmarkTest01504,doPost,algorithm: MD5
rule_R01,org.owasp.benchmark.testcode.BenchmarkTest00794,BenchmarkTest00794,doPost,algorithm: MD5
rule_R01,org.owasp.benchmark.testcode.BenchmarkTest00794,BenchmarkTest00794,doGet,algorithm: MD5
rule_R01,org.owasp.benchmark.testcode.BenchmarkTest00372,BenchmarkTest00372,doPost,algorithm: MD5
rule_R01,org.owasp.benchmark.testcode.BenchmarkTest00372,BenchmarkTest00372,doGet,algorithm: MD5
rule_R01,org.owasp.benchmark.testcode.BenchmarkTest01166,BenchmarkTest01166,doPost,algorithm: SHA1
rule_R18,org.owasp.benchmark.testcode.BenchmarkTest00899,BenchmarkTest00899,doPost,Random() called
rule_R18,org.owasp.benchmark.testcode.BenchmarkTest02062,BenchmarkTest02062,doPost,Random() called
rule_R01,org.owasp.benchmark.testcode.BenchmarkTest00631,BenchmarkTest00631,doPost,algorithm: SHA1
rule_R01,org.owasp.benchmark.testcode.BenchmarkTest00272,BenchmarkTest00272,doPost,algorithm: MD5
rule_R18,org.owasp.benchmark.testcode.BenchmarkTest01930,BenchmarkTest01930,doPost,Random() called
rule_R03,org.owasp.benchmark.testcode.BenchmarkTest00448,BenchmarkTest00448,doPost,out bytes: 32 with DES/ECB/PKCS5Padding
rule_R01,org.owasp.benchmark.testcode.BenchmarkTest00274,BenchmarkTest00274,doPost,algorithm: MD5
rule_R18,org.owasp.benchmark.testcode.BenchmarkTest00160,BenchmarkTest00160,doPost,Random() called
rule_R01,org.owasp.benchmark.testcode.BenchmarkTest00073,BenchmarkTest00073,doPost,algorithm: MD5
rule_R18,org.owasp.benchmark.testcode.BenchmarkTest02001,BenchmarkTest02001,doPost,Random() called
rule_R01,org.owasp.benchmark.testcode.BenchmarkTest02307,BenchmarkTest02307,doPost,algorithm: SHA1
rule_R02,org.owasp.benchmark.testcode.BenchmarkTest00020,BenchmarkTest00020,doPost,algorithm: DES/CBC/PKCS5Padding
rule_R02,org.owasp.benchmark.testcode.BenchmarkTest01020,BenchmarkTest01020,doPost,algorithm: DES/ECB/PKCS5Padding
rule_R18,org.owasp.benchmark.testcode.BenchmarkTest00235,BenchmarkTest00235,doPost,Random() called
rule_R18,org.owasp.benchmark.testcode.BenchmarkTest00976,BenchmarkTest00976,doPost,Random() called
rule_R18,org.owasp.benchmark.testcode.BenchmarkTest02141,BenchmarkTest02141,doPost,Random() called
rule_R02,org.owasp.benchmark.testcode.BenchmarkTest01318,BenchmarkTest01318,doPost,algorithm: DES/CBC/PKCS5PADDING
rule_R02,org.owasp.benchmark.testcode.BenchmarkTest01318,BenchmarkTest01318,doGet,algorithm: DES/CBC/PKCS5PADDING
rule_R01,org.owasp.benchmark.testcode.BenchmarkTest01333,BenchmarkTest01333,doPost,algorithm: MD5
rule_R01,org.owasp.benchmark.testcode.BenchmarkTest01333,BenchmarkTest01333,doGet,algorithm: MD5
rule_R02,org.owasp.benchmark.testcode.BenchmarkTest02374,BenchmarkTest02374,doPost,algorithm: DES/CBC/PKCS5Padding
rule_R18,org.owasp.benchmark.testcode.BenchmarkTest01934,BenchmarkTest01934,doPost,Random() called
rule_R18,org.owasp.benchmark.testcode.BenchmarkTest01434,BenchmarkTest01434,doPost,Random() called
rule_R01,org.owasp.benchmark.testcode.BenchmarkTest00143,BenchmarkTest00143,doPost,algorithm: MD5
rule_R02,org.owasp.benchmark.testcode.BenchmarkTest02550,BenchmarkTest02550,doPost,algorithm: DES/CBC/PKCS5Padding
rule_R02,org.owasp.benchmark.testcode.BenchmarkTest02550,BenchmarkTest02550,doGet,algorithm: DES/CBC/PKCS5Padding
rule_R02,org.owasp.benchmark.testcode.BenchmarkTest01322,BenchmarkTest01322,doPost,algorithm: DES/CBC/PKCS5Padding
rule_R01,org.owasp.benchmark.testcode.BenchmarkTest02388,BenchmarkTest02388,doPost,algorithm: MD5
rule_R02,org.owasp.benchmark.testcode.BenchmarkTest02101,BenchmarkTest02101,doPost,algorithm: DES/CBC/PKCS5Padding
rule_R01,org.owasp.benchmark.testcode.BenchmarkTest00462,BenchmarkTest00462,doPost,algorithm: SHA1
rule_R01,org.owasp.benchmark.testcode.BenchmarkTest00462,BenchmarkTest00462,doGet,algorithm: SHA1
rule_R18,org.owasp.benchmark.testcode.BenchmarkTest02497,BenchmarkTest02497,doPost,Random() called
rule_R18,org.owasp.benchmark.testcode.BenchmarkTest02497,BenchmarkTest02497,doGet,Random() called
rule_R02,org.owasp.benchmark.testcode.BenchmarkTest02661,BenchmarkTest02661,doPost,algorithm: DES/CBC/PKCS5Padding
rule_R01,org.owasp.benchmark.testcode.BenchmarkTest00537,BenchmarkTest00537,doPost,algorithm: MD5
rule_R02,org.owasp.benchmark.testcode.BenchmarkTest02291,BenchmarkTest02291,doPost,algorithm: DES/CBC/PKCS5Padding
rule_R18,org.owasp.benchmark.testcode.BenchmarkTest01933,BenchmarkTest01933,doPost,Random() called
rule_R01,org.owasp.benchmark.testcode.BenchmarkTest00223,BenchmarkTest00223,doPost,algorithm: SHA1
rule_R18,org.owasp.benchmark.testcode.BenchmarkTest00734,BenchmarkTest00734,doPost,Random() called
rule_R18,org.owasp.benchmark.testcode.BenchmarkTest00734,BenchmarkTest00734,doGet,Random() called
rule_R02,org.owasp.benchmark.testcode.BenchmarkTest01230,BenchmarkTest01230,doPost,algorithm: DES/ECB/PKCS5Padding
rule_R01,org.owasp.benchmark.testcode.BenchmarkTest02476,BenchmarkTest02476,doPost,algorithm: MD5
rule_R01,org.owasp.benchmark.testcode.BenchmarkTest02674,BenchmarkTest02674,doPost,algorithm: MD5
rule_R01,org.owasp.benchmark.testcode.BenchmarkTest00797,BenchmarkTest00797,doPost,algorithm: MD5
rule_R01,org.owasp.benchmark.testcode.BenchmarkTest00797,BenchmarkTest00797,doGet,algorithm: MD5
rule_R18,org.owasp.benchmark.testcode.BenchmarkTest02506,BenchmarkTest02506,doPost,Random() called
rule_R02,org.owasp.benchmark.testcode.BenchmarkTest00521,BenchmarkTest00521,doPost,algorithm: DES/CBC/PKCS5PADDING
rule_R18,org.owasp.benchmark.testcode.BenchmarkTest00901,BenchmarkTest00901,doPost,Random() called
rule_R02,org.owasp.benchmark.testcode.BenchmarkTest02017,BenchmarkTest02017,doPost,algorithm: DES/CBC/PKCS5PADDING
rule_R01,org.owasp.benchmark.testcode.BenchmarkTest01577,BenchmarkTest01577,doPost,algorithm: MD5
rule_R02,org.owasp.benchmark.testcode.BenchmarkTest00856,BenchmarkTest00856,doPost,algorithm: DES/CBC/PKCS5Padding
rule_R02,org.owasp.benchmark.testcode.BenchmarkTest00615,BenchmarkTest00615,doPost,algorithm: DES/CBC/PKCS5Padding
rule_R02,org.owasp.benchmark.testcode.BenchmarkTest01017,BenchmarkTest01017,doPost,algorithm: DES/CBC/PKCS5Padding
rule_R01,org.owasp.benchmark.testcode.BenchmarkTest00371,BenchmarkTest00371,doPost,algorithm: SHA1
rule_R02,org.owasp.benchmark.testcode.BenchmarkTest01149,BenchmarkTest01149,doPost,algorithm: DES/CBC/PKCS5Padding
rule_R18,org.owasp.benchmark.testcode.BenchmarkTest01679,BenchmarkTest01679,doPost,Random() called
rule_R18,org.owasp.benchmark.testcode.BenchmarkTest01679,BenchmarkTest01679,doGet,Random() called
rule_R02,org.owasp.benchmark.testcode.BenchmarkTest00053,BenchmarkTest00053,doPost,algorithm: DES/CBC/PKCS5PADDING
rule_R01,org.owasp.benchmark.testcode.BenchmarkTest02211,BenchmarkTest02211,doPost,algorithm: SHA1
rule_R18,org.owasp.benchmark.testcode.BenchmarkTest00079,BenchmarkTest00079,doPost,Random() called
rule_R18,org.owasp.benchmark.testcode.BenchmarkTest00082,BenchmarkTest00082,doPost,Random() called
rule_R01,org.owasp.benchmark.testcode.BenchmarkTest00638,BenchmarkTest00638,doPost,algorithm: MD5
rule_R18,org.owasp.benchmark.testcode.BenchmarkTest02700,BenchmarkTest02700,doPost,Random() called
rule_R01,org.owasp.benchmark.testcode.BenchmarkTest01653,BenchmarkTest01653,doPost,algorithm: MD5
rule_R01,org.owasp.benchmark.testcode.BenchmarkTest01653,BenchmarkTest01653,doGet,algorithm: MD5
rule_R18,org.owasp.benchmark.testcode.BenchmarkTest00560,BenchmarkTest00560,doPost,Random() called
rule_R02,org.owasp.benchmark.testcode.BenchmarkTest00446,BenchmarkTest00446,doPost,algorithm: DES/CBC/PKCS5Padding
rule_R02,org.owasp.benchmark.testcode.BenchmarkTest01483,BenchmarkTest01483,doPost,algorithm: DES/CBC/PKCS5Padding
rule_R18,org.owasp.benchmark.testcode.BenchmarkTest00296,BenchmarkTest00296,doPost,Random() called
rule_R18,org.owasp.benchmark.testcode.BenchmarkTest02604,BenchmarkTest02604,doPost,Random() called
rule_R18,org.owasp.benchmark.testcode.BenchmarkTest02604,BenchmarkTest02604,doGet,Random() called
rule_R02,org.owasp.benchmark.testcode.BenchmarkTest02295,BenchmarkTest02295,doPost,algorithm: DES/CBC/PKCS5Padding
rule_R18,org.owasp.benchmark.testcode.BenchmarkTest02415,BenchmarkTest02415,doPost,Random() called
rule_R18,org.owasp.benchmark.testcode.BenchmarkTest00231,BenchmarkTest00231,doPost,Random() called
rule_R01,org.owasp.benchmark.testcode.BenchmarkTest00704,BenchmarkTest00704,doPost,algorithm: SHA1
rule_R01,org.owasp.benchmark.testcode.BenchmarkTest00704,BenchmarkTest00704,doGet,algorithm: SHA1
rule_R02,org.owasp.benchmark.testcode.BenchmarkTest00449,BenchmarkTest00449,doPost,algorithm: DES/ECB/PKCS5Padding
rule_R02,org.owasp.benchmark.testcode.BenchmarkTest00946,BenchmarkTest00946,doPost,algorithm: DES/ECB/PKCS5Padding
rule_R02,org.owasp.benchmark.testcode.BenchmarkTest00684,BenchmarkTest00684,doPost,algorithm: DES/CBC/PKCS5PADDING
rule_R02,org.owasp.benchmark.testcode.BenchmarkTest00684,BenchmarkTest00684,doGet,algorithm: DES/CBC/PKCS5PADDING
rule_R02,org.owasp.benchmark.testcode.BenchmarkTest01566,BenchmarkTest01566,doPost,algorithm: DES/ECB/PKCS5Padding
rule_R02,org.owasp.benchmark.testcode.BenchmarkTest01566,BenchmarkTest01566,doGet,algorithm: DES/ECB/PKCS5Padding
rule_R18,org.owasp.benchmark.testcode.BenchmarkTest01274,BenchmarkTest01274,doPost,Random() called
rule_R02,org.owasp.benchmark.testcode.BenchmarkTest00057,BenchmarkTest00057,doPost,algorithm: DES/CBC/PKCS5Padding
rule_R18,org.owasp.benchmark.testcode.BenchmarkTest00487,BenchmarkTest00487,doPost,Random() called
rule_R18,org.owasp.benchmark.testcode.BenchmarkTest00487,BenchmarkTest00487,doGet,Random() called
rule_R02,org.owasp.benchmark.testcode.BenchmarkTest01638,BenchmarkTest01638,doPost,algorithm: DES/CBC/PKCS5Padding
rule_R02,org.owasp.benchmark.testcode.BenchmarkTest01638,BenchmarkTest01638,doGet,algorithm: DES/CBC/PKCS5Padding
rule_R18,org.owasp.benchmark.testcode.BenchmarkTest00399,BenchmarkTest00399,doPost,Random() called
rule_R03,org.owasp.benchmark.testcode.BenchmarkTest01830,BenchmarkTest01830,doPost,out bytes: 32 with DES/ECB/PKCS5Padding
rule_R18,org.owasp.benchmark.testcode.BenchmarkTest02417,BenchmarkTest02417,doPost,Random() called
rule_R18,org.owasp.benchmark.testcode.BenchmarkTest02417,BenchmarkTest02417,doGet,Random() called
rule_R01,org.owasp.benchmark.testcode.BenchmarkTest01766,BenchmarkTest01766,doPost,algorithm: MD5
rule_R01,org.owasp.benchmark.testcode.BenchmarkTest01766,BenchmarkTest01766,doGet,algorithm: MD5
rule_R18,org.owasp.benchmark.testcode.BenchmarkTest01183,BenchmarkTest01183,doPost,Random() called
rule_R18,org.owasp.benchmark.testcode.BenchmarkTest00081,BenchmarkTest00081,doPost,Random() called
rule_R18,org.owasp.benchmark.testcode.BenchmarkTest00078,BenchmarkTest00078,doPost,Random() called
rule_R01,org.owasp.benchmark.testcode.BenchmarkTest01248,BenchmarkTest01248,doPost,algorithm: MD5
rule_R01,org.owasp.benchmark.testcode.BenchmarkTest01248,BenchmarkTest01248,doGet,algorithm: MD5
rule_R18,org.owasp.benchmark.testcode.BenchmarkTest02245,BenchmarkTest02245,doPost,Random() called
rule_R01,org.owasp.benchmark.testcode.BenchmarkTest01650,BenchmarkTest01650,doPost,algorithm: SHA1
rule_R01,org.owasp.benchmark.testcode.BenchmarkTest01650,BenchmarkTest01650,doGet,algorithm: SHA1
rule_R01,org.owasp.benchmark.testcode.BenchmarkTest01041,BenchmarkTest01041,doPost,algorithm: MD5
rule_R18,org.owasp.benchmark.testcode.BenchmarkTest00297,BenchmarkTest00297,doPost,Random() called
rule_R01,org.owasp.benchmark.testcode.BenchmarkTest02670,BenchmarkTest02670,doPost,algorithm: SHA1
rule_R01,org.owasp.benchmark.testcode.BenchmarkTest00029,BenchmarkTest00029,doPost,algorithm: MD5
rule_R02,org.owasp.benchmark.testcode.BenchmarkTest01484,BenchmarkTest01484,doPost,algorithm: DES/CBC/PKCS5Padding
rule_R18,org.owasp.benchmark.testcode.BenchmarkTest00237,BenchmarkTest00237,doPost,Random() called
rule_R01,org.owasp.benchmark.testcode.BenchmarkTest02474,BenchmarkTest02474,doPost,algorithm: SHA1
rule_R02,org.owasp.benchmark.testcode.BenchmarkTest01900,BenchmarkTest01900,doPost,algorithm: DES/ECB/PKCS5Padding
rule_R18,org.owasp.benchmark.testcode.BenchmarkTest01853,BenchmarkTest01853,doPost,Random() called
rule_R01,org.owasp.benchmark.testcode.BenchmarkTest02386,BenchmarkTest02386,doPost,algorithm: SHA1
rule_R01,org.owasp.benchmark.testcode.BenchmarkTest01416,BenchmarkTest01416,doPost,algorithm: MD5
rule_R18,org.owasp.benchmark.testcode.BenchmarkTest00971,BenchmarkTest00971,doPost,Random() called
rule_R01,org.owasp.benchmark.testcode.BenchmarkTest02308,BenchmarkTest02308,doPost,algorithm: SHA1
rule_R02,org.owasp.benchmark.testcode.BenchmarkTest02549,BenchmarkTest02549,doPost,algorithm: DES/CBC/PKCS5Padding
rule_R02,org.owasp.benchmark.testcode.BenchmarkTest02549,BenchmarkTest02549,doGet,algorithm: DES/CBC/PKCS5Padding
rule_R18,org.owasp.benchmark.testcode.BenchmarkTest01602,BenchmarkTest01602,doPost,Random() called
rule_R01,org.owasp.benchmark.testcode.BenchmarkTest02385,BenchmarkTest02385,doPost,algorithm: SHA1
rule_R01,org.owasp.benchmark.testcode.BenchmarkTest01246,BenchmarkTest01246,doPost,algorithm: SHA1
rule_R02,org.owasp.benchmark.testcode.BenchmarkTest00781,BenchmarkTest00781,doPost,algorithm: DES/CBC/PKCS5Padding
rule_R02,org.owasp.benchmark.testcode.BenchmarkTest00781,BenchmarkTest00781,doGet,algorithm: DES/CBC/PKCS5Padding
rule_R01,org.owasp.benchmark.testcode.BenchmarkTest00074,BenchmarkTest00074,doPost,algorithm: MD5
rule_R01,org.owasp.benchmark.testcode.BenchmarkTest00070,BenchmarkTest00070,doPost,algorithm: SHA1
rule_R01,org.owasp.benchmark.testcode.BenchmarkTest00961,BenchmarkTest00961,doPost,algorithm: SHA1
rule_R18,org.owasp.benchmark.testcode.BenchmarkTest00165,BenchmarkTest00165,doPost,Random() called
rule_R18,org.owasp.benchmark.testcode.BenchmarkTest02421,BenchmarkTest02421,doPost,Random() called
rule_R18,org.owasp.benchmark.testcode.BenchmarkTest01520,BenchmarkTest01520,doPost,Random() called
rule_R01,org.owasp.benchmark.testcode.BenchmarkTest01334,BenchmarkTest01334,doPost,algorithm: MD5
rule_R02,org.owasp.benchmark.testcode.BenchmarkTest02293,BenchmarkTest02293,doPost,algorithm: DES/CBC/PKCS5Padding
rule_R18,org.owasp.benchmark.testcode.BenchmarkTest01277,BenchmarkTest01277,doPost,Random() called
rule_R18,org.owasp.benchmark.testcode.BenchmarkTest02419,BenchmarkTest02419,doPost,Random() called
rule_R18,org.owasp.benchmark.testcode.BenchmarkTest02502,BenchmarkTest02502,doPost,Random() called
rule_R18,org.owasp.benchmark.testcode.BenchmarkTest02502,BenchmarkTest02502,doGet,Random() called
rule_R18,org.owasp.benchmark.testcode.BenchmarkTest00086,BenchmarkTest00086,doPost,Random() called
rule_R01,org.owasp.benchmark.testcode.BenchmarkTest02392,BenchmarkTest02392,doPost,algorithm: MD5
rule_R01,org.owasp.benchmark.testcode.BenchmarkTest02392,BenchmarkTest02392,doGet,algorithm: MD5
rule_R18,org.owasp.benchmark.testcode.BenchmarkTest01519,BenchmarkTest01519,doPost,Random() called
rule_R01,org.owasp.benchmark.testcode.BenchmarkTest02677,BenchmarkTest02677,doPost,algorithm: MD5
rule_R01,org.owasp.benchmark.testcode.BenchmarkTest02677,BenchmarkTest02677,doGet,algorithm: MD5
rule_R02,org.owasp.benchmark.testcode.BenchmarkTest00688,BenchmarkTest00688,doPost,algorithm: DES/CBC/PKCS5Padding
rule_R18,org.owasp.benchmark.testcode.BenchmarkTest00653,BenchmarkTest00653,doPost,Random() called
rule_R18,org.owasp.benchmark.testcode.BenchmarkTest00898,BenchmarkTest00898,doPost,Random() called
rule_R02,org.owasp.benchmark.testcode.BenchmarkTest00055,BenchmarkTest00055,doPost,algorithm: DES/CBC/PKCS5Padding
rule_R02,org.owasp.benchmark.testcode.BenchmarkTest01634,BenchmarkTest01634,doPost,algorithm: DES/CBC/PKCS5PADDING
rule_R02,org.owasp.benchmark.testcode.BenchmarkTest01634,BenchmarkTest01634,doGet,algorithm: DES/CBC/PKCS5PADDING
rule_R01,org.owasp.benchmark.testcode.BenchmarkTest00635,BenchmarkTest00635,doPost,algorithm: SHA1
rule_R18,org.owasp.benchmark.testcode.BenchmarkTest00236,BenchmarkTest00236,doPost,Random() called
rule_R18,org.owasp.benchmark.testcode.BenchmarkTest02138,BenchmarkTest02138,doPost,Random() called
rule_R18,org.owasp.benchmark.testcode.BenchmarkTest02138,BenchmarkTest02138,doGet,Random() called
rule_R01,org.owasp.benchmark.testcode.BenchmarkTest01996,BenchmarkTest01996,doPost,algorithm: MD5
rule_R18,org.owasp.benchmark.testcode.BenchmarkTest01128,BenchmarkTest01128,doPost,Random() called
rule_R01,org.owasp.benchmark.testcode.BenchmarkTest01043,BenchmarkTest01043,doPost,algorithm: MD5
rule_R18,org.owasp.benchmark.testcode.BenchmarkTest00401,BenchmarkTest00401,doPost,Random() called
rule_R18,org.owasp.benchmark.testcode.BenchmarkTest00486,BenchmarkTest00486,doPost,Random() called
rule_R02,org.owasp.benchmark.testcode.BenchmarkTest00616,BenchmarkTest00616,doPost,algorithm: DES/ECB/PKCS5Padding
rule_R01,org.owasp.benchmark.testcode.BenchmarkTest00273,BenchmarkTest00273,doPost,algorithm: MD5
rule_R18,org.owasp.benchmark.testcode.BenchmarkTest01272,BenchmarkTest01272,doPost,Random() called
rule_R18,org.owasp.benchmark.testcode.BenchmarkTest02499,BenchmarkTest02499,doPost,Random() called
rule_R02,org.owasp.benchmark.testcode.BenchmarkTest01099,BenchmarkTest01099,doPost,algorithm: DES/CBC/PKCS5PADDING
rule_R02,org.owasp.benchmark.testcode.BenchmarkTest00210,BenchmarkTest00210,doPost,algorithm: DES/CBC/PKCS5Padding
rule_R18,org.owasp.benchmark.testcode.BenchmarkTest02000,BenchmarkTest02000,doPost,Random() called
rule_R01,org.owasp.benchmark.testcode.BenchmarkTest02391,BenchmarkTest02391,doPost,algorithm: MD5
rule_R02,org.owasp.benchmark.testcode.BenchmarkTest00610,BenchmarkTest00610,doPost,algorithm: DES/CBC/PKCS5PADDING
rule_R03,org.owasp.benchmark.testcode.BenchmarkTest00617,BenchmarkTest00617,doPost,out bytes: 24 with DES/ECB/PKCS5Padding
rule_R01,org.owasp.benchmark.testcode.BenchmarkTest02478,BenchmarkTest02478,doPost,algorithm: MD5
rule_R02,org.owasp.benchmark.testcode.BenchmarkTest01018,BenchmarkTest01018,doPost,algorithm: DES/CBC/PKCS5Padding
rule_R01,org.owasp.benchmark.testcode.BenchmarkTest00533,BenchmarkTest00533,doPost,algorithm: SHA1
rule_R18,org.owasp.benchmark.testcode.BenchmarkTest01276,BenchmarkTest01276,doPost,Random() called
rule_R02,org.owasp.benchmark.testcode.BenchmarkTest00119,BenchmarkTest00119,doPost,algorithm: DES/CBC/PKCS5PADDING
rule_R18,org.owasp.benchmark.testcode.BenchmarkTest01786,BenchmarkTest01786,doPost,Random() called
rule_R18,org.owasp.benchmark.testcode.BenchmarkTest01786,BenchmarkTest01786,doGet,Random() called
rule_R01,org.owasp.benchmark.testcode.BenchmarkTest00870,BenchmarkTest00870,doPost,algorithm: SHA1
rule_R02,org.owasp.benchmark.testcode.BenchmarkTest01480,BenchmarkTest01480,doPost,algorithm: DES/CBC/PKCS5PADDING
rule_R18,org.owasp.benchmark.testcode.BenchmarkTest01060,BenchmarkTest01060,doPost,Random() called
rule_R18,org.owasp.benchmark.testcode.BenchmarkTest00298,BenchmarkTest00298,doPost,Random() called
rule_R01,org.owasp.benchmark.testcode.BenchmarkTest01411,BenchmarkTest01411,doPost,algorithm: SHA1
rule_R01,org.owasp.benchmark.testcode.BenchmarkTest00963,BenchmarkTest00963,doPost,algorithm: MD5
rule_R02,org.owasp.benchmark.testcode.BenchmarkTest02018,BenchmarkTest02018,doPost,algorithm: DES/CBC/PKCS5PADDING
rule_R02,org.owasp.benchmark.testcode.BenchmarkTest01105,BenchmarkTest01105,doPost,algorithm: DES/ECB/PKCS5Padding
rule_R01,org.owasp.benchmark.testcode.BenchmarkTest02393,BenchmarkTest02393,doPost,algorithm: MD5
rule_R02,org.owasp.benchmark.testcode.BenchmarkTest02458,BenchmarkTest02458,doPost,algorithm: DES/CBC/PKCS5PADDING
rule_R02,org.owasp.benchmark.testcode.BenchmarkTest02663,BenchmarkTest02663,doPost,algorithm: DES/ECB/PKCS5Padding
rule_R18,org.owasp.benchmark.testcode.BenchmarkTest00818,BenchmarkTest00818,doPost,Random() called
rule_R18,org.owasp.benchmark.testcode.BenchmarkTest00818,BenchmarkTest00818,doGet,Random() called
rule_R18,org.owasp.benchmark.testcode.BenchmarkTest01788,BenchmarkTest01788,doPost,Random() called
rule_R02,org.owasp.benchmark.testcode.BenchmarkTest01016,BenchmarkTest01016,doPost,algorithm: DES/CBC/PKCS5Padding
rule_R01,org.owasp.benchmark.testcode.BenchmarkTest01414,BenchmarkTest01414,doPost,algorithm: MD5
rule_R18,org.owasp.benchmark.testcode.BenchmarkTest01676,BenchmarkTest01676,doPost,Random() called
rule_R18,org.owasp.benchmark.testcode.BenchmarkTest01676,BenchmarkTest01676,doGet,Random() called
rule_R02,org.owasp.benchmark.testcode.BenchmarkTest01320,BenchmarkTest01320,doPost,algorithm: DES/CBC/PKCS5Padding
rule_R02,org.owasp.benchmark.testcode.BenchmarkTest02023,BenchmarkTest02023,doPost,algorithm: DES/ECB/PKCS5Padding
rule_R02,org.owasp.benchmark.testcode.BenchmarkTest00522,BenchmarkTest00522,doPost,algorithm: DES/CBC/PKCS5Padding
rule_R18,org.owasp.benchmark.testcode.BenchmarkTest00733,BenchmarkTest00733,doPost,Random() called
rule_R01,org.owasp.benchmark.testcode.BenchmarkTest00789,BenchmarkTest00789,doPost,algorithm: SHA1
rule_R01,org.owasp.benchmark.testcode.BenchmarkTest00789,BenchmarkTest00789,doGet,algorithm: SHA1
rule_R18,org.owasp.benchmark.testcode.BenchmarkTest02701,BenchmarkTest02701,doPost,Random() called
rule_R18,org.owasp.benchmark.testcode.BenchmarkTest01932,BenchmarkTest01932,doPost,Random() called
rule_R18,org.owasp.benchmark.testcode.BenchmarkTest01858,BenchmarkTest01858,doPost,Random() called
rule_R18,org.owasp.benchmark.testcode.BenchmarkTest01433,BenchmarkTest01433,doPost,Random() called
rule_R01,org.owasp.benchmark.testcode.BenchmarkTest00637,BenchmarkTest00637,doPost,algorithm: MD5
rule_R01,org.owasp.benchmark.testcode.BenchmarkTest01757,BenchmarkTest01757,doPost,algorithm: SHA1
rule_R18,org.owasp.benchmark.testcode.BenchmarkTest01781,BenchmarkTest01781,doPost,Random() called
rule_R18,org.owasp.benchmark.testcode.BenchmarkTest01781,BenchmarkTest01781,doGet,Random() called
rule_R03,org.owasp.benchmark.testcode.BenchmarkTest01107,BenchmarkTest01107,doPost,out bytes: 32 with DES/ECB/PKCS5Padding
rule_R18,org.owasp.benchmark.testcode.BenchmarkTest02603,BenchmarkTest02603,doPost,Random() called
rule_R18,org.owasp.benchmark.testcode.BenchmarkTest02603,BenchmarkTest02603,doGet,Random() called
rule_R01,org.owasp.benchmark.testcode.BenchmarkTest01503,BenchmarkTest01503,doPost,algorithm: SHA1
rule_R02,org.owasp.benchmark.testcode.BenchmarkTest00050,BenchmarkTest00050,doPost,algorithm: DES/CBC/PKCS5Padding
rule_R02,org.owasp.benchmark.testcode.BenchmarkTest02193,BenchmarkTest02193,doPost,algorithm: DES/CBC/PKCS5Padding
rule_R02,org.owasp.benchmark.testcode.BenchmarkTest02193,BenchmarkTest02193,doGet,algorithm: DES/CBC/PKCS5Padding
rule_R02,org.owasp.benchmark.testcode.BenchmarkTest01895,BenchmarkTest01895,doPost,algorithm: DES/CBC/PKCS5Padding
rule_R18,org.owasp.benchmark.testcode.BenchmarkTest01678,BenchmarkTest01678,doPost,Random() called
rule_R18,org.owasp.benchmark.testcode.BenchmarkTest01678,BenchmarkTest01678,doGet,Random() called
rule_R18,org.owasp.benchmark.testcode.BenchmarkTest00397,BenchmarkTest00397,doPost,Random() called
rule_R18,org.owasp.benchmark.testcode.BenchmarkTest00397,BenchmarkTest00397,doGet,Random() called
rule_R18,org.owasp.benchmark.testcode.BenchmarkTest02061,BenchmarkTest02061,doPost,Random() called
rule_R18,org.owasp.benchmark.testcode.BenchmarkTest00164,BenchmarkTest00164,doPost,Random() called
rule_R01,org.owasp.benchmark.testcode.BenchmarkTest01044,BenchmarkTest01044,doPost,algorithm: MD5
rule_R18,org.owasp.benchmark.testcode.BenchmarkTest02704,BenchmarkTest02704,doPost,Random() called
rule_R18,org.owasp.benchmark.testcode.BenchmarkTest02501,BenchmarkTest02501,doPost,Random() called
rule_R18,org.owasp.benchmark.testcode.BenchmarkTest02705,BenchmarkTest02705,doPost,Random() called
rule_R18,org.owasp.benchmark.testcode.BenchmarkTest00161,BenchmarkTest00161,doPost,Random() called
rule_R01,org.owasp.benchmark.testcode.BenchmarkTest00869,BenchmarkTest00869,doPost,algorithm: SHA1
rule_R18,org.owasp.benchmark.testcode.BenchmarkTest00817,BenchmarkTest00817,doPost,Random() called
rule_R18,org.owasp.benchmark.testcode.BenchmarkTest00817,BenchmarkTest00817,doGet,Random() called
rule_R18,org.owasp.benchmark.testcode.BenchmarkTest01784,BenchmarkTest01784,doPost,Random() called
rule_R18,org.owasp.benchmark.testcode.BenchmarkTest01681,BenchmarkTest01681,doPost,Random() called
rule_R18,org.owasp.benchmark.testcode.BenchmarkTest01681,BenchmarkTest01681,doGet,Random() called
rule_R02,org.owasp.benchmark.testcode.BenchmarkTest02548,BenchmarkTest02548,doPost,algorithm: DES/CBC/PKCS5Padding
rule_R02,org.owasp.benchmark.testcode.BenchmarkTest02548,BenchmarkTest02548,doGet,algorithm: DES/CBC/PKCS5Padding
rule_R18,org.owasp.benchmark.testcode.BenchmarkTest00488,BenchmarkTest00488,doPost,Random() called
rule_R03,org.owasp.benchmark.testcode.BenchmarkTest01900,BenchmarkTest01900,doPost,out bytes: 32 with DES/ECB/PKCS5Padding
rule_R01,org.owasp.benchmark.testcode.BenchmarkTest01038,BenchmarkTest01038,doPost,algorithm: MD5
rule_R01,org.owasp.benchmark.testcode.BenchmarkTest00871,BenchmarkTest00871,doPost,algorithm: SHA1
rule_R02,org.owasp.benchmark.testcode.BenchmarkTest01822,BenchmarkTest01822,doPost,algorithm: DES/CBC/PKCS5PADDING
rule_R18,org.owasp.benchmark.testcode.BenchmarkTest01132,BenchmarkTest01132,doPost,Random() called
rule_R18,org.owasp.benchmark.testcode.BenchmarkTest00819,BenchmarkTest00819,doPost,Random() called
rule_R18,org.owasp.benchmark.testcode.BenchmarkTest00819,BenchmarkTest00819,doGet,Random() called
rule_R18,org.owasp.benchmark.testcode.BenchmarkTest00564,BenchmarkTest00564,doPost,Random() called
rule_R18,org.owasp.benchmark.testcode.BenchmarkTest00402,BenchmarkTest00402,doPost,Random() called
rule_R18,org.owasp.benchmark.testcode.BenchmarkTest00402,BenchmarkTest00402,doGet,Random() called
rule_R18,org.owasp.benchmark.testcode.BenchmarkTest01860,BenchmarkTest01860,doPost,Random() called
rule_R02,org.owasp.benchmark.testcode.BenchmarkTest02373,BenchmarkTest02373,doPost,algorithm: DES/CBC/PKCS5Padding
rule_R18,org.owasp.benchmark.testcode.BenchmarkTest00972,BenchmarkTest00972,doPost,Random() called
rule_R02,org.owasp.benchmark.testcode.BenchmarkTest00853,BenchmarkTest00853,doPost,algorithm: DES/CBC/PKCS5PADDING
rule_R01,org.owasp.benchmark.testcode.BenchmarkTest00267,BenchmarkTest00267,doPost,algorithm: SHA1
rule_R18,org.owasp.benchmark.testcode.BenchmarkTest00973,BenchmarkTest00973,doPost,Random() called
rule_R18,org.owasp.benchmark.testcode.BenchmarkTest01854,BenchmarkTest01854,doPost,Random() called
rule_R02,org.owasp.benchmark.testcode.BenchmarkTest01823,BenchmarkTest01823,doPost,algorithm: DES/CBC/PKCS5PADDING
rule_R02,org.owasp.benchmark.testcode.BenchmarkTest02294,BenchmarkTest02294,doPost,algorithm: DES/CBC/PKCS5Padding
rule_R02,org.owasp.benchmark.testcode.BenchmarkTest00611,BenchmarkTest00611,doPost,algorithm: DES/CBC/PKCS5PADDING
rule_R01,org.owasp.benchmark.testcode.BenchmarkTest01042,BenchmarkTest01042,doPost,algorithm: MD5
rule_R01,org.owasp.benchmark.testcode.BenchmarkTest01123,BenchmarkTest01123,doPost,algorithm: SHA1
rule_R02,org.owasp.benchmark.testcode.BenchmarkTest02195,BenchmarkTest02195,doPost,algorithm: DES/CBC/PKCS5Padding
rule_R18,org.owasp.benchmark.testcode.BenchmarkTest01432,BenchmarkTest01432,doPost,Random() called
rule_R02,org.owasp.benchmark.testcode.BenchmarkTest01229,BenchmarkTest01229,doPost,algorithm: DES/CBC/PKCS5Padding
rule_R18,org.owasp.benchmark.testcode.BenchmarkTest02416,BenchmarkTest02416,doPost,Random() called
rule_R02,org.owasp.benchmark.testcode.BenchmarkTest01015,BenchmarkTest01015,doPost,algorithm: DES/CBC/PKCS5PADDING
rule_R18,org.owasp.benchmark.testcode.BenchmarkTest01856,BenchmarkTest01856,doPost,Random() called
rule_R01,org.owasp.benchmark.testcode.BenchmarkTest01167,BenchmarkTest01167,doPost,algorithm: MD5
rule_R02,org.owasp.benchmark.testcode.BenchmarkTest02375,BenchmarkTest02375,doPost,algorithm: DES/ECB/PKCS5Padding
rule_R18,org.owasp.benchmark.testcode.BenchmarkTest02504,BenchmarkTest02504,doPost,Random() called
rule_R18,org.owasp.benchmark.testcode.BenchmarkTest01059,BenchmarkTest01059,doPost,Random() called
rule_R18,org.owasp.benchmark.testcode.BenchmarkTest00232,BenchmarkTest00232,doPost,Random() called
rule_R18,org.owasp.benchmark.testcode.BenchmarkTest01435,BenchmarkTest01435,doPost,Random() called
rule_R02,org.owasp.benchmark.testcode.BenchmarkTest02019,BenchmarkTest02019,doPost,algorithm: DES/CBC/PKCS5PADDING
rule_R02,org.owasp.benchmark.testcode.BenchmarkTest00256,BenchmarkTest00256,doPost,algorithm: DES/CBC/PKCS5Padding
rule_R18,org.owasp.benchmark.testcode.BenchmarkTest00240,BenchmarkTest00240,doPost,Random() called
rule_R01,org.owasp.benchmark.testcode.BenchmarkTest01911,BenchmarkTest01911,doPost,algorithm: SHA1
rule_R01,org.owasp.benchmark.testcode.BenchmarkTest00003,BenchmarkTest00003,doPost,algorithm: MD5
rule_R01,org.owasp.benchmark.testcode.BenchmarkTest02387,BenchmarkTest02387,doPost,algorithm: MD5
rule_R01,org.owasp.benchmark.testcode.BenchmarkTest02387,BenchmarkTest02387,doGet,algorithm: MD5
rule_R18,org.owasp.benchmark.testcode.BenchmarkTest02002,BenchmarkTest02002,doPost,Random() called
rule_R02,org.owasp.benchmark.testcode.BenchmarkTest00125,BenchmarkTest00125,doPost,algorithm: DES/CBC/PKCS5Padding
rule_R02,org.owasp.benchmark.testcode.BenchmarkTest02658,BenchmarkTest02658,doPost,algorithm: DES/CBC/PKCS5PADDING
rule_R02,org.owasp.benchmark.testcode.BenchmarkTest02292,BenchmarkTest02292,doPost,algorithm: DES/CBC/PKCS5Padding
rule_R18,org.owasp.benchmark.testcode.BenchmarkTest00083,BenchmarkTest00083,doPost,Random() called
rule_R02,org.owasp.benchmark.testcode.BenchmarkTest01740,BenchmarkTest01740,doPost,algorithm: DES/ECB/PKCS5Padding
rule_R01,org.owasp.benchmark.testcode.BenchmarkTest00876,BenchmarkTest00876,doPost,algorithm: MD5
rule_R02,org.owasp.benchmark.testcode.BenchmarkTest00445,BenchmarkTest00445,doPost,algorithm: DES/CBC/PKCS5Padding
rule_R01,org.owasp.benchmark.testcode.BenchmarkTest01846,BenchmarkTest01846,doPost,algorithm: SHA1
rule_R02,org.owasp.benchmark.testcode.BenchmarkTest01829,BenchmarkTest01829,doPost,algorithm: DES/ECB/PKCS5Padding
rule_R02,org.owasp.benchmark.testcode.BenchmarkTest00123,BenchmarkTest00123,doPost,algorithm: DES/CBC/PKCS5Padding
rule_R02,org.owasp.benchmark.testcode.BenchmarkTest00120,BenchmarkTest00120,doPost,algorithm: DES/CBC/PKCS5PADDING
rule_R18,org.owasp.benchmark.testcode.BenchmarkTest00654,BenchmarkTest00654,doPost,Random() called
rule_R18,org.owasp.benchmark.testcode.BenchmarkTest00654,BenchmarkTest00654,doGet,Random() called
rule_R01,org.owasp.benchmark.testcode.BenchmarkTest00141,BenchmarkTest00141,doPost,algorithm: SHA1
rule_R02,org.owasp.benchmark.testcode.BenchmarkTest01107,BenchmarkTest01107,doPost,algorithm: DES/ECB/PKCS5Padding
rule_R01,org.owasp.benchmark.testcode.BenchmarkTest00875,BenchmarkTest00875,doPost,algorithm: MD5
rule_R02,org.owasp.benchmark.testcode.BenchmarkTest00614,BenchmarkTest00614,doPost,algorithm: DES/CBC/PKCS5Padding
rule_R02,org.owasp.benchmark.testcode.BenchmarkTest00614,BenchmarkTest00614,doGet,algorithm: DES/CBC/PKCS5Padding
rule_R01,org.owasp.benchmark.testcode.BenchmarkTest00872,BenchmarkTest00872,doPost,algorithm: SHA1
rule_R01,org.owasp.benchmark.testcode.BenchmarkTest00872,BenchmarkTest00872,doGet,algorithm: SHA1
rule_R18,org.owasp.benchmark.testcode.BenchmarkTest01931,BenchmarkTest01931,doPost,Random() called
rule_R18,org.owasp.benchmark.testcode.BenchmarkTest00084,BenchmarkTest00084,doPost,Random() called
rule_R02,org.owasp.benchmark.testcode.BenchmarkTest01897,BenchmarkTest01897,doPost,algorithm: DES/CBC/PKCS5Padding
rule_R02,org.owasp.benchmark.testcode.BenchmarkTest01317,BenchmarkTest01317,doPost,algorithm: DES/CBC/PKCS5PADDING
rule_R18,org.owasp.benchmark.testcode.BenchmarkTest00490,BenchmarkTest00490,doPost,Random() called
rule_R01,org.owasp.benchmark.testcode.BenchmarkTest00708,BenchmarkTest00708,doPost,algorithm: MD5
rule_R18,org.owasp.benchmark.testcode.BenchmarkTest02424,BenchmarkTest02424,doPost,Random() called
rule_R18,org.owasp.benchmark.testcode.BenchmarkTest00735,BenchmarkTest00735,doPost,Random() called
rule_R18,org.owasp.benchmark.testcode.BenchmarkTest01355,BenchmarkTest01355,doPost,Random() called
rule_R18,org.owasp.benchmark.testcode.BenchmarkTest01058,BenchmarkTest01058,doPost,Random() called
rule_R18,org.owasp.benchmark.testcode.BenchmarkTest02337,BenchmarkTest02337,doPost,Random() called
rule_R18,org.owasp.benchmark.testcode.BenchmarkTest01783,BenchmarkTest01783,doPost,Random() called
rule_R01,org.owasp.benchmark.testcode.BenchmarkTest01651,BenchmarkTest01651,doPost,algorithm: SHA1
rule_R01,org.owasp.benchmark.testcode.BenchmarkTest01651,BenchmarkTest01651,doGet,algorithm: SHA1
rule_R01,org.owasp.benchmark.testcode.BenchmarkTest02675,BenchmarkTest02675,doPost,algorithm: MD5
rule_R03,org.owasp.benchmark.testcode.BenchmarkTest00019,BenchmarkTest00019,doPost,out bytes: 32 with DES/ECB/PKCS5Padding
rule_R18,org.owasp.benchmark.testcode.BenchmarkTest01782,BenchmarkTest01782,doPost,Random() called
rule_R01,org.owasp.benchmark.testcode.BenchmarkTest01415,BenchmarkTest01415,doPost,algorithm: MD5
rule_R18,org.owasp.benchmark.testcode.BenchmarkTest00485,BenchmarkTest00485,doPost,Random() called
rule_R18,org.owasp.benchmark.testcode.BenchmarkTest01354,BenchmarkTest01354,doPost,Random() called
rule_R02,org.owasp.benchmark.testcode.BenchmarkTest01641,BenchmarkTest01641,doPost,algorithm: DES/ECB/PKCS5Padding
rule_R02,org.owasp.benchmark.testcode.BenchmarkTest01641,BenchmarkTest01641,doGet,algorithm: DES/ECB/PKCS5Padding
rule_R18,org.owasp.benchmark.testcode.BenchmarkTest01129,BenchmarkTest01129,doPost,Random() called
rule_R01,org.owasp.benchmark.testcode.BenchmarkTest00534,BenchmarkTest00534,doPost,algorithm: SHA1
rule_R18,org.owasp.benchmark.testcode.BenchmarkTest01184,BenchmarkTest01184,doPost,Random() called
rule_R01,org.owasp.benchmark.testcode.BenchmarkTest00636,BenchmarkTest00636,doPost,algorithm: SHA1
rule_R02,org.owasp.benchmark.testcode.BenchmarkTest01980,BenchmarkTest01980,doPost,algorithm: DES/ECB/PKCS5Padding
rule_R02,org.owasp.benchmark.testcode.BenchmarkTest01323,BenchmarkTest01323,doPost,algorithm: DES/CBC/PKCS5Padding
rule_R02,org.owasp.benchmark.testcode.BenchmarkTest01323,BenchmarkTest01323,doGet,algorithm: DES/CBC/PKCS5Padding
rule_R01,org.owasp.benchmark.testcode.BenchmarkTest00705,BenchmarkTest00705,doPost,algorithm: SHA1
rule_R18,org.owasp.benchmark.testcode.BenchmarkTest00080,BenchmarkTest00080,doPost,Random() called
rule_R18,org.owasp.benchmark.testcode.BenchmarkTest02500,BenchmarkTest02500,doPost,Random() called
rule_R02,org.owasp.benchmark.testcode.BenchmarkTest01898,BenchmarkTest01898,doPost,algorithm: DES/CBC/PKCS5Padding
rule_R01,org.owasp.benchmark.testcode.BenchmarkTest02118,BenchmarkTest02118,doPost,algorithm: SHA1
rule_R01,org.owasp.benchmark.testcode.BenchmarkTest02118,BenchmarkTest02118,doGet,algorithm: SHA1
rule_R18,org.owasp.benchmark.testcode.BenchmarkTest00483,BenchmarkTest00483,doPost,Random() called
rule_R18,org.owasp.benchmark.testcode.BenchmarkTest00975,BenchmarkTest00975,doPost,Random() called
rule_R01,org.owasp.benchmark.testcode.BenchmarkTest00868,BenchmarkTest00868,doPost,algorithm: SHA1
rule_R18,org.owasp.benchmark.testcode.BenchmarkTest00166,BenchmarkTest00166,doPost,Random() called
rule_R18,org.owasp.benchmark.testcode.BenchmarkTest00900,BenchmarkTest00900,doPost,Random() called
rule_R18,org.owasp.benchmark.testcode.BenchmarkTest02703,BenchmarkTest02703,doPost,Random() called
rule_R02,org.owasp.benchmark.testcode.BenchmarkTest00609,BenchmarkTest00609,doPost,algorithm: DES/CBC/PKCS5PADDING
rule_R02,org.owasp.benchmark.testcode.BenchmarkTest00609,BenchmarkTest00609,doGet,algorithm: DES/CBC/PKCS5PADDING
rule_R18,org.owasp.benchmark.testcode.BenchmarkTest01857,BenchmarkTest01857,doPost,Random() called
rule_R18,org.owasp.benchmark.testcode.BenchmarkTest02139,BenchmarkTest02139,doPost,Random() called
rule_R18,org.owasp.benchmark.testcode.BenchmarkTest01518,BenchmarkTest01518,doPost,Random() called
rule_R18,org.owasp.benchmark.testcode.BenchmarkTest00974,BenchmarkTest00974,doPost,Random() called
rule_R02,org.owasp.benchmark.testcode.BenchmarkTest00608,BenchmarkTest00608,doPost,algorithm: DES/CBC/PKCS5PADDING
rule_R02,org.owasp.benchmark.testcode.BenchmarkTest01325,BenchmarkTest01325,doPost,algorithm: DES/ECB/PKCS5Padding
rule_R02,org.owasp.benchmark.testcode.BenchmarkTest00056,BenchmarkTest00056,doPost,algorithm: DES/CBC/PKCS5Padding
rule_R18,org.owasp.benchmark.testcode.BenchmarkTest02420,BenchmarkTest02420,doPost,Random() called
rule_R01,org.owasp.benchmark.testcode.BenchmarkTest00226,BenchmarkTest00226,doPost,algorithm: MD5
rule_R01,org.owasp.benchmark.testcode.BenchmarkTest01845,BenchmarkTest01845,doPost,algorithm: SHA1
rule_R18,org.owasp.benchmark.testcode.BenchmarkTest02422,BenchmarkTest02422,doPost,Random() called
rule_R18,org.owasp.benchmark.testcode.BenchmarkTest02422,BenchmarkTest02422,doGet,Random() called
rule_R18,org.owasp.benchmark.testcode.BenchmarkTest02498,BenchmarkTest02498,doPost,Random() called
rule_R18,org.owasp.benchmark.testcode.BenchmarkTest00230,BenchmarkTest00230,doPost,Random() called
rule_R18,org.owasp.benchmark.testcode.BenchmarkTest01127,BenchmarkTest01127,doPost,Random() called
rule_R01,org.owasp.benchmark.testcode.BenchmarkTest00346,BenchmarkTest00346,doPost,algorithm: SHA1
rule_R18,org.owasp.benchmark.testcode.BenchmarkTest02004,BenchmarkTest02004,doPost,Random() called
rule_R02,org.owasp.benchmark.testcode.BenchmarkTest00258,BenchmarkTest00258,doPost,algorithm: DES/CBC/PKCS5Padding
rule_R02,org.owasp.benchmark.testcode.BenchmarkTest01981,BenchmarkTest01981,doPost,algorithm: DES/ECB/PKCS5Padding
rule_R02,org.owasp.benchmark.testcode.BenchmarkTest02192,BenchmarkTest02192,doPost,algorithm: DES/CBC/PKCS5Padding
rule_R02,org.owasp.benchmark.testcode.BenchmarkTest00693,BenchmarkTest00693,doPost,algorithm: DES/CBC/PKCS5Padding
rule_R02,org.owasp.benchmark.testcode.BenchmarkTest01398,BenchmarkTest01398,doPost,algorithm: DES/CBC/PKCS5Padding
rule_R01,org.owasp.benchmark.testcode.BenchmarkTest00703,BenchmarkTest00703,doPost,algorithm: SHA1
rule_R18,org.owasp.benchmark.testcode.BenchmarkTest00066,BenchmarkTest00066,doPost,Random() called
rule_R18,org.owasp.benchmark.testcode.BenchmarkTest00167,BenchmarkTest00167,doPost,Random() called
rule_R01,org.owasp.benchmark.testcode.BenchmarkTest01844,BenchmarkTest01844,doPost,algorithm: SHA1
rule_R01,org.owasp.benchmark.testcode.BenchmarkTest00071,BenchmarkTest00071,doPost,algorithm: SHA1
rule_R02,org.owasp.benchmark.testcode.BenchmarkTest00005,BenchmarkTest00005,doPost,algorithm: DES/CBC/PKCS5Padding
rule_R18,org.owasp.benchmark.testcode.BenchmarkTest00163,BenchmarkTest00163,doPost,Random() called
rule_R02,org.owasp.benchmark.testcode.BenchmarkTest01830,BenchmarkTest01830,doPost,algorithm: DES/ECB/PKCS5Padding
rule_R02,org.owasp.benchmark.testcode.BenchmarkTest02660,BenchmarkTest02660,doPost,algorithm: DES/CBC/PKCS5Padding
rule_R18,org.owasp.benchmark.testcode.BenchmarkTest00902,BenchmarkTest00902,doPost,Random() called
rule_R18,org.owasp.benchmark.testcode.BenchmarkTest00902,BenchmarkTest00902,doGet,Random() called
rule_R01,org.owasp.benchmark.testcode.BenchmarkTest01244,BenchmarkTest01244,doPost,algorithm: SHA1
rule_R18,org.owasp.benchmark.testcode.BenchmarkTest02063,BenchmarkTest02063,doPost,Random() called
rule_R02,org.owasp.benchmark.testcode.BenchmarkTest00254,BenchmarkTest00254,doPost,algorithm: DES/CBC/PKCS5PADDING
rule_R01,org.owasp.benchmark.testcode.BenchmarkTest01124,BenchmarkTest01124,doPost,algorithm: MD5
rule_R18,org.owasp.benchmark.testcode.BenchmarkTest02418,BenchmarkTest02418,doPost,Random() called
rule_R02,org.owasp.benchmark.testcode.BenchmarkTest02020,BenchmarkTest02020,doPost,algorithm: DES/CBC/PKCS5Padding
rule_R02,org.owasp.benchmark.testcode.BenchmarkTest00355,BenchmarkTest00355,doPost,algorithm: DES/ECB/PKCS5Padding
rule_R02,org.owasp.benchmark.testcode.BenchmarkTest01150,BenchmarkTest01150,doPost,algorithm: DES/CBC/PKCS5Padding
rule_R01,org.owasp.benchmark.testcode.BenchmarkTest00790,BenchmarkTest00790,doPost,algorithm: SHA1
rule_R01,org.owasp.benchmark.testcode.BenchmarkTest00790,BenchmarkTest00790,doGet,algorithm: SHA1
rule_R01,org.owasp.benchmark.testcode.BenchmarkTest00269,BenchmarkTest00269,doPost,algorithm: SHA1
rule_R01,org.owasp.benchmark.testcode.BenchmarkTest00531,BenchmarkTest00531,doPost,algorithm: SHA1
rule_R02,org.owasp.benchmark.testcode.BenchmarkTest01978,BenchmarkTest01978,doPost,algorithm: DES/CBC/PKCS5Padding
rule_R02,org.owasp.benchmark.testcode.BenchmarkTest00945,BenchmarkTest00945,doPost,algorithm: DES/ECB/PKCS5Padding
rule_R02,org.owasp.benchmark.testcode.BenchmarkTest00779,BenchmarkTest00779,doPost,algorithm: DES/CBC/PKCS5Padding
rule_R02,org.owasp.benchmark.testcode.BenchmarkTest00779,BenchmarkTest00779,doGet,algorithm: DES/CBC/PKCS5Padding
rule_R01,org.owasp.benchmark.testcode.BenchmarkTest02577,BenchmarkTest02577,doPost,algorithm: MD5
rule_R01,org.owasp.benchmark.testcode.BenchmarkTest02577,BenchmarkTest02577,doGet,algorithm: MD5
rule_R02,org.owasp.benchmark.testcode.BenchmarkTest00208,BenchmarkTest00208,doPost,algorithm: DES/CBC/PKCS5Padding
rule_R01,org.owasp.benchmark.testcode.BenchmarkTest01247,BenchmarkTest01247,doPost,algorithm: MD5
rule_R18,org.owasp.benchmark.testcode.BenchmarkTest01675,BenchmarkTest01675,doPost,Random() called
rule_R18,org.owasp.benchmark.testcode.BenchmarkTest01675,BenchmarkTest01675,doGet,Random() called
rule_R18,org.owasp.benchmark.testcode.BenchmarkTest02702,BenchmarkTest02702,doPost,Random() called
rule_R18,org.owasp.benchmark.testcode.BenchmarkTest02702,BenchmarkTest02702,doGet,Random() called
rule_R02,org.owasp.benchmark.testcode.BenchmarkTest00691,BenchmarkTest00691,doPost,algorithm: DES/CBC/PKCS5Padding
rule_R18,org.owasp.benchmark.testcode.BenchmarkTest01273,BenchmarkTest01273,doPost,Random() called
rule_R18,org.owasp.benchmark.testcode.BenchmarkTest01273,BenchmarkTest01273,doGet,Random() called
rule_R02,org.owasp.benchmark.testcode.BenchmarkTest02194,BenchmarkTest02194,doPost,algorithm: DES/CBC/PKCS5Padding
rule_R18,org.owasp.benchmark.testcode.BenchmarkTest01855,BenchmarkTest01855,doPost,Random() called
rule_R01,org.owasp.benchmark.testcode.BenchmarkTest00710,BenchmarkTest00710,doPost,algorithm: MD5
rule_R18,org.owasp.benchmark.testcode.BenchmarkTest02003,BenchmarkTest02003,doPost,Random() called
rule_R18,org.owasp.benchmark.testcode.BenchmarkTest00023,BenchmarkTest00023,doPost,Random() called
rule_R18,org.owasp.benchmark.testcode.BenchmarkTest00168,BenchmarkTest00168,doPost,Random() called
rule_R18,org.owasp.benchmark.testcode.BenchmarkTest00238,BenchmarkTest00238,doPost,Random() called
rule_R02,org.owasp.benchmark.testcode.BenchmarkTest02022,BenchmarkTest02022,doPost,algorithm: DES/ECB/PKCS5Padding
rule_R18,org.owasp.benchmark.testcode.BenchmarkTest01680,BenchmarkTest01680,doPost,Random() called
rule_R18,org.owasp.benchmark.testcode.BenchmarkTest01680,BenchmarkTest01680,doGet,Random() called
rule_R02,org.owasp.benchmark.testcode.BenchmarkTest01565,BenchmarkTest01565,doPost,algorithm: DES/CBC/PKCS5Padding
rule_R02,org.owasp.benchmark.testcode.BenchmarkTest00356,BenchmarkTest00356,doPost,algorithm: DES/ECB/PKCS5Padding
rule_R02,org.owasp.benchmark.testcode.BenchmarkTest01639,BenchmarkTest01639,doPost,algorithm: DES/CBC/PKCS5Padding
rule_R02,org.owasp.benchmark.testcode.BenchmarkTest01639,BenchmarkTest01639,doGet,algorithm: DES/CBC/PKCS5Padding
rule_R18,org.owasp.benchmark.testcode.BenchmarkTest00234,BenchmarkTest00234,doPost,Random() called
rule_R18,org.owasp.benchmark.testcode.BenchmarkTest02606,BenchmarkTest02606,doPost,Random() called
rule_R18,org.owasp.benchmark.testcode.BenchmarkTest02606,BenchmarkTest02606,doGet,Random() called
rule_R01,org.owasp.benchmark.testcode.BenchmarkTest00046,BenchmarkTest00046,doPost,algorithm: MD5
rule_R01,org.owasp.benchmark.testcode.BenchmarkTest00046,BenchmarkTest00046,doGet,algorithm: MD5
rule_R02,org.owasp.benchmark.testcode.BenchmarkTest00124,BenchmarkTest00124,doPost,algorithm: DES/CBC/PKCS5Padding
rule_R18,org.owasp.benchmark.testcode.BenchmarkTest00162,BenchmarkTest00162,doPost,Random() called
rule_R01,org.owasp.benchmark.testcode.BenchmarkTest02213,BenchmarkTest02213,doPost,algorithm: SHA1
rule_R01,org.owasp.benchmark.testcode.BenchmarkTest02213,BenchmarkTest02213,doGet,algorithm: SHA1
rule_R01,org.owasp.benchmark.testcode.BenchmarkTest00268,BenchmarkTest00268,doPost,algorithm: SHA1
rule_R18,org.owasp.benchmark.testcode.BenchmarkTest01356,BenchmarkTest01356,doPost,Random() called
rule_R18,org.owasp.benchmark.testcode.BenchmarkTest01603,BenchmarkTest01603,doPost,Random() called
rule_R18,org.owasp.benchmark.testcode.BenchmarkTest00652,BenchmarkTest00652,doPost,Random() called
rule_R02,org.owasp.benchmark.testcode.BenchmarkTest01228,BenchmarkTest01228,doPost,algorithm: DES/CBC/PKCS5Padding
rule_R02,org.owasp.benchmark.testcode.BenchmarkTest01228,BenchmarkTest01228,doGet,algorithm: DES/CBC/PKCS5Padding
rule_R18,org.owasp.benchmark.testcode.BenchmarkTest01278,BenchmarkTest01278,doPost,Random() called
rule_R18,org.owasp.benchmark.testcode.BenchmarkTest01278,BenchmarkTest01278,doGet,Random() called
rule_R18,org.owasp.benchmark.testcode.BenchmarkTest01431,BenchmarkTest01431,doPost,Random() called
